325,335,345,355,5,15,25,35,45,direction,correction
72.0,82.0,0,390.0,422.0,357.0,0,133.0,164.0,0.0,0.0
71.0,96.0,0,406.0,422.0,360.0,0,132.0,163.0,359.0,0.0
73.0,83.0,0,417.0,419.0,357.0,0,133.0,161.0,0.02,0.0
72.0,82.0,0,408.0,420.0,341.0,0,132.0,163.0,355.0,0.0
71.0,0,0,0,419.0,355.0,0,133.0,161.0,1.0,0.0
69.0,0,0,393.0,422.0,357.0,0,133.0,162.0,14.4,0.0
71.0,96.0,0,0,422.0,360.0,0,133.0,164.0,1.54,0.0
0,36.0,0,0,404.0,413.0,368.0,183.0,145.0,0.0,0.0
0,33.0,0,0,394.0,410.0,370.0,176.0,145.0,1.0,0.0
0,36.0,0,0,419.0,406.0,368.0,183.0,145.0,359.2,0.0
0,0,0,0,394.0,410.0,366.0,0,145.0,358.4,0.0
0,33.0,0,0,398.0,403.0,367.0,0,147.0,15.0,0.0
0,33.0,0,0,392.0,410.0,366.0,187.0,146.0,350.0,10.0
0,33.0,0,0,0,404.0,368.0,177.0,145.0,355.0,5.0
0,0,0,0,420.0,406.0,368.0,0,145.0,0.6,0.0
0,0,0,0,413.0,405.0,367.0,183.0,145.0,1.3,0.0
21.0,22.0,23.0,26.0,29.0,0,0,0,398.0,0.0,50.0
21.0,22.0,23.0,26.0,28.0,0,0,0,0,2.0,48.0
21.0,22.0,23.0,25.0,26.0,0,0,0,389.0,315.0,45.0
21.0,22.0,23.0,26.0,26.0,0,0,0,0,330.0,75.0
21.0,22.0,23.0,25.0,26.0,0,0,0,389.0,350.0,55.0
21.0,22.0,23.0,26.0,26.0,0,0,0,0,45.0,0.0
21.0,22.0,23.0,26.0,28.0,0,0,0,0,44.3,0.0
21.0,22.0,23.0,26.0,26.0,0,0,0,396.0,10.0,35.0
21.0,22.0,23.0,26.0,26.0,0,0,0,396.0,352.54,53.0
21.0,22.0,23.0,26.0,26.0,0,0,0,396.0,17.0,30.0
274.0,211.0,163.0,0,0,29.0,26.0,24.0,22.0,0.0,-45.0
275.0,214.0,163.0,0,0,29.0,26.0,24.0,22.0,355.0,-50.0
275.0,275.0,164.0,0,0,30.0,26.0,23.0,22.0,359.0,-46.0
426.0,215.0,163.0,0,0,30.0,26.0,23.0,22.0,270.0,0.0
275.0,275.0,167.0,0,0,29.0,25.0,23.0,22.0,2.0,-47.0
423.0,275.0,164.0,0,0,30.0,26.0,24.0,22.0,356.0,-50.0
275.0,275.0,164.0,0,0,29.0,26.0,23.0,22.0,45.0,45.0
426.0,275.0,164.0,0,0,30.0,26.0,24.0,22.0,20.0,65.0
424.0,275.0,164.0,0,0,29.0,26.0,23.0,22.0,10.0,80.0
30.0,27.0,26.0,25.0,25.0,25.0,27.0,30.0,34.0,0.0,90.0
30.0,28.0,26.0,25.0,25.0,25.0,27.0,30.0,34.0,1.0,89.0
30.0,27.0,26.0,25.0,25.0,26.0,27.0,30.0,35.0,3.0,87.0
30.0,27.0,26.0,25.0,25.0,25.0,27.0,30.0,34.0,10.0,80.0
30.0,27.0,26.0,25.0,25.0,26.0,27.0,30.0,34.0,15.0,75.0
30.0,27.0,26.0,25.0,25.0,26.0,27.0,30.0,35.0,355.0,-95.0
30.0,27.0,26.0,25.0,25.0,26.0,27.0,30.0,35.0,350.0,-80.0
30.0,27.0,26.0,25.0,25.0,25.0,27.0,30.0,35.0,315.0,-45.0
30.0,27.0,26.0,25.0,25.0,26.0,27.0,30.0,35.0,354.6,-85.0
30.0,27.0,26.0,25.0,25.0,26.0,27.0,30.0,35.0,17.5,73.0
69.0,62.0,58.0,57.0,56.0,58.0,62.0,66.0,344.0,0.0,0.0
69.0,62.0,58.0,57.0,56.0,58.0,62.0,67.0,359.0,10.0,0.0
69.0,62.0,58.0,57.0,57.0,58.0,62.0,326.0,360.0,358.0,0.0
69.0,62.0,58.0,57.0,56.0,58.0,62.0,66.0,358.0,315.0,0.0
69.0,62.0,58.0,57.0,56.0,58.0,62.0,66.0,358.0,20.0,0.0
73.0,66.0,62.0,60.0,60.0,62.0,67.0,73.0,85.0,0.0,0.0
73.0,66.0,62.0,60.0,60.0,62.0,67.0,73.0,86.0,15.0,0.0
72.0,66.0,62.0,60.0,60.0,62.0,66.0,74.0,85.0,340.0,0.0
73.0,66.0,62.0,60.0,60.0,62.0,66.0,74.0,85.0,313.0,0.0
73.0,66.0,62.0,60.0,60.0,62.0,67.0,73.0,86.0,270.0,0.0
72.0,66.0,62.0,60.0,60.0,62.0,67.0,73.0,85.0,356.0,0.0
73.0,65.0,62.0,60.0,60.0,62.0,66.0,74.0,85.0,2.0,0.0
72.0,66.0,62.0,60.0,60.0,62.0,66.0,74.0,86.0,4.0,0.0
73.0,65.0,62.0,60.0,60.0,62.0,66.0,74.0,85.0,45.0,0.0
72.0,66.0,62.0,60.0,60.0,62.0,66.0,74.0,85.0,27.0,0.0
38.0,38.0,39.0,40.0,0,28.0,28.0,25.0,24.0,0.0,135.0
38.0,38.0,39.0,40.0,0,28.0,27.0,25.0,24.0,3.0,132.0
38.0,38.0,39.0,40.0,28.0,29.0,27.0,25.0,24.0,15.0,120.0
38.0,38.0,39.0,40.0,28.0,29.0,27.0,25.0,24.0,358.0,137.0
38.0,38.0,39.0,40.0,28.0,29.0,27.0,25.0,24.0,350.0,145.0
38.0,38.0,39.0,40.0,0,28.0,28.0,25.0,24.0,315.0,170.0
38.0,38.0,39.0,40.0,0,28.0,28.0,25.0,24.0,270.0,-180.0
38.0,38.0,39.0,40.0,0,28.0,28.0,25.0,24.0,45.0,50.0
38.0,38.0,39.0,40.0,28.0,29.0,27.0,25.0,24.0,22.0,110.0
76.0,77.0,80.0,85.0,75.0,67.0,59.0,55.0,52.0,315,0.0
76.0,77.0,80.0,84.0,76.0,67.0,59.0,55.0,52.0,317,0.0
76.0,77.0,81.0,85.0,76.0,67.0,59.0,55.0,52.0,319,0.0
76.0,77.0,80.0,85.0,77.0,67.0,59.0,55.0,52.0,321,0.0
76.0,77.0,80.0,85.0,75.0,68.0,59.0,55.0,52.0,323,0.0
76.0,77.0,81.0,85.0,76.0,67.0,60.0,54.0,52.0,325,0.0
76.0,77.0,81.0,85.0,76.0,67.0,60.0,54.0,52.0,327,0.0
76.0,77.0,80.0,84.0,75.0,68.0,59.0,54.0,52.0,329,0.0
76.0,77.0,80.0,85.0,75.0,67.0,59.0,55.0,52.0,331,0.0
76.0,77.0,80.0,84.0,76.0,67.0,60.0,54.0,52.0,333,0.0
76.0,77.0,81.0,85.0,75.0,68.0,59.0,54.0,52.0,335,0.0
76.0,77.0,81.0,85.0,75.0,68.0,59.0,54.0,52.0,337,0.0
76.0,77.0,81.0,85.0,76.0,67.0,60.0,55.0,52.0,339,0.0
76.0,77.0,81.0,85.0,75.0,67.0,59.0,55.0,52.0,341,0.0
76.0,77.0,81.0,85.0,76.0,67.0,60.0,55.0,52.0,343,0.0
76.0,77.0,80.0,84.0,75.0,68.0,59.0,55.0,52.0,345,0.0
76.0,77.0,81.0,85.0,76.0,68.0,59.0,54.0,52.0,347,0.0
76.0,77.0,80.0,85.0,76.0,67.0,59.0,55.0,52.0,349,0.0
76.0,77.0,80.0,85.0,75.0,68.0,59.0,54.0,52.0,351,0.0
76.0,77.0,80.0,84.0,75.0,67.0,59.0,55.0,52.0,353,0.0
76.0,77.0,81.0,85.0,75.0,67.0,59.0,55.0,52.0,355,0.0
76.0,77.0,81.0,85.0,76.0,67.0,60.0,54.0,52.0,357,0.0
76.0,77.0,80.0,85.0,75.0,67.0,59.0,55.0,52.0,359,0.0
76.0,77.0,81.0,85.0,75.0,67.0,59.0,55.0,52.0,0,0.0
76.0,77.0,80.0,84.0,76.0,67.0,60.0,54.0,52.0,2,0.0
76.0,77.0,80.0,85.0,75.0,68.0,59.0,55.0,52.0,4,0.0
76.0,77.0,81.0,85.0,76.0,67.0,60.0,54.0,52.0,6,0.0
76.0,77.0,80.0,85.0,75.0,67.0,59.0,55.0,52.0,8,0.0
76.0,77.0,80.0,84.0,75.0,67.0,59.0,55.0,52.0,10,0.0
76.0,77.0,81.0,85.0,76.0,67.0,59.0,55.0,52.0,12,0.0
76.0,77.0,81.0,85.0,76.0,67.0,60.0,54.0,52.0,14,0.0
76.0,77.0,80.0,84.0,76.0,68.0,59.0,54.0,52.0,16,0.0
76.0,77.0,81.0,85.0,76.0,67.0,60.0,54.0,52.0,18,0.0
76.0,77.0,80.0,84.0,75.0,68.0,59.0,54.0,52.0,20,0.0
76.0,77.0,81.0,85.0,75.0,68.0,59.0,55.0,52.0,22,0.0
76.0,77.0,80.0,85.0,76.0,68.0,59.0,54.0,52.0,24,0.0
76.0,77.0,81.0,85.0,76.0,67.0,60.0,54.0,52.0,26,0.0
76.0,77.0,80.0,84.0,75.0,67.0,59.0,55.0,52.0,28,0.0
76.0,77.0,80.0,84.0,76.0,67.0,60.0,54.0,52.0,30,0.0
76.0,77.0,80.0,84.0,76.0,67.0,60.0,54.0,52.0,32,0.0
76.0,77.0,81.0,85.0,76.0,67.0,59.0,55.0,52.0,34,0.0
76.0,77.0,81.0,85.0,76.0,67.0,60.0,55.0,52.0,36,0.0
76.0,77.0,80.0,85.0,75.0,67.0,59.0,55.0,52.0,38,0.0
76.0,77.0,80.0,85.0,76.0,67.0,59.0,55.0,52.0,40,0.0
76.0,77.0,81.0,85.0,76.0,67.0,59.0,55.0,52.0,42,0.0
76.0,77.0,80.0,85.0,75.0,68.0,59.0,54.0,52.0,44,0.0
56.0,61.0,69.0,78.0,88.0,389.0,373.0,390.0,371.0,315,0.0
56.0,61.0,69.0,77.0,88.0,389.0,371.0,389.0,371.0,317,0.0
56.0,61.0,69.0,79.0,91.0,0,383.0,353.0,365.0,319,0.0
56.0,61.0,70.0,78.0,89.0,394.0,392.0,386.0,370.0,321,0.0
56.0,61.0,69.0,77.0,89.0,0,388.0,388.0,371.0,323,0.0
56.0,61.0,69.0,78.0,96.0,0,389.0,358.0,375.0,325,0.0
56.0,61.0,69.0,78.0,90.0,0,394.0,355.0,370.0,327,0.0
56.0,61.0,69.0,79.0,91.0,386.0,383.0,387.0,367.0,329,0.0
56.0,61.0,69.0,78.0,90.0,0,383.0,356.0,370.0,331,0.0
56.0,61.0,69.0,79.0,94.0,388.0,386.0,386.0,370.0,333,0.0
56.0,62.0,69.0,79.0,96.0,0,390.0,358.0,374.0,335,0.0
56.0,61.0,70.0,78.0,91.0,389.0,370.0,359.0,371.0,337,0.0
56.0,61.0,69.0,79.0,89.0,0,385.0,357.0,374.0,339,0.0
56.0,61.0,69.0,79.0,90.0,0,391.0,354.0,371.0,341,0.0
56.0,61.0,69.0,78.0,89.0,392.0,389.0,388.0,371.0,343,0.0
56.0,61.0,70.0,78.0,86.0,390.0,391.0,359.0,371.0,345,0.0
56.0,61.0,70.0,78.0,88.0,0,380.0,0,370.0,347,0.0
56.0,61.0,69.0,77.0,94.0,0,390.0,356.0,364.0,349,0.0
56.0,61.0,70.0,78.0,86.0,390.0,370.0,390.0,371.0,351,0.0
56.0,61.0,70.0,78.0,95.0,0,383.0,392.0,371.0,353,0.0
56.0,61.0,69.0,79.0,96.0,0,391.0,359.0,374.0,355,0.0
56.0,61.0,69.0,79.0,90.0,0,382.0,0,368.0,357,0.0
56.0,61.0,69.0,77.0,86.0,390.0,379.0,357.0,373.0,359,0.0
56.0,61.0,69.0,77.0,91.0,389.0,385.0,390.0,371.0,0,0.0
56.0,61.0,70.0,78.0,90.0,0,387.0,356.0,370.0,2,0.0
56.0,61.0,70.0,78.0,95.0,394.0,394.0,392.0,373.0,4,0.0
56.0,61.0,70.0,78.0,98.0,0,380.0,391.0,374.0,6,0.0
56.0,61.0,69.0,77.0,94.0,0,388.0,357.0,366.0,8,0.0
56.0,61.0,70.0,78.0,98.0,391.0,392.0,389.0,371.0,10,0.0
56.0,61.0,70.0,78.0,95.0,391.0,377.0,358.0,371.0,12,0.0
56.0,61.0,69.0,79.0,97.0,0,387.0,356.0,370.0,14,0.0
56.0,61.0,69.0,79.0,87.0,0,385.0,389.0,374.0,16,0.0
56.0,61.0,70.0,78.0,87.0,0,384.0,390.0,374.0,18,0.0
56.0,61.0,69.0,79.0,94.0,0,388.0,356.0,366.0,20,0.0
56.0,61.0,69.0,78.0,91.0,389.0,385.0,388.0,370.0,22,0.0
56.0,62.0,69.0,79.0,88.0,0,388.0,356.0,368.0,24,0.0
56.0,61.0,70.0,78.0,95.0,0,0,392.0,372.0,26,0.0
56.0,61.0,69.0,79.0,101.0,386.0,386.0,387.0,371.0,28,0.0
56.0,61.0,69.0,79.0,96.0,0,393.0,353.0,370.0,30,0.0
56.0,61.0,70.0,78.0,95.0,391.0,394.0,387.0,372.0,32,0.0
56.0,62.0,69.0,79.0,96.0,0,387.0,352.0,370.0,34,0.0
56.0,61.0,70.0,78.0,91.0,391.0,371.0,388.0,371.0,36,0.0
56.0,61.0,69.0,79.0,87.0,0,394.0,359.0,374.0,38,0.0
56.0,61.0,69.0,79.0,97.0,0,386.0,355.0,370.0,40,0.0
56.0,61.0,70.0,78.0,87.0,0,391.0,359.0,374.0,42,0.0
56.0,61.0,70.0,78.0,91.0,389.0,384.0,387.0,370.0,44,0.0
365.0,0,295.0,266.0,290.0,277.0,230.0,0,87.0,315,0.0
362.0,296.0,297.0,264.0,290.0,278.0,231.0,0,102.0,317,0.0
364.0,295.0,287.0,285.0,288.0,278.0,234.0,106.0,87.0,319,0.0
364.0,296.0,291.0,286.0,290.0,277.0,230.0,0,86.0,321,0.0
363.0,295.0,293.0,264.0,289.0,278.0,232.0,0,0,323,0.0
361.0,0,295.0,263.0,289.0,277.0,231.0,0,86.0,325,0.0
364.0,295.0,290.0,263.0,288.0,271.0,232.0,0,0,327,0.0
367.0,0,292.0,262.0,289.0,278.0,230.0,106.0,87.0,329,0.0
359.0,0,297.0,262.0,289.0,278.0,231.0,0,102.0,331,0.0
361.0,293.0,290.0,260.0,289.0,277.0,231.0,0,86.0,333,0.0
362.0,295.0,290.0,260.0,290.0,277.0,231.0,0,102.0,335,0.0
360.0,0,301.0,260.0,289.0,277.0,232.0,0,102.0,337,0.0
362.0,296.0,297.0,268.0,289.0,276.0,231.0,0,86.0,339,0.0
359.0,295.0,295.0,260.0,290.0,276.0,231.0,0,102.0,341,0.0
363.0,295.0,291.0,265.0,289.0,272.0,233.0,106.0,87.0,343,0.0
365.0,0,294.0,263.0,290.0,276.0,231.0,0,86.0,345,0.0
364.0,295.0,294.0,283.0,288.0,272.0,232.0,0,88.0,347,0.0
362.0,295.0,295.0,260.0,290.0,276.0,230.0,0,87.0,349,0.0
362.0,295.0,290.0,263.0,289.0,277.0,231.0,0,86.0,351,0.0
360.0,0,295.0,263.0,288.0,271.0,232.0,0,0,353,0.0
359.0,297.0,291.0,261.0,289.0,276.0,231.0,0,86.0,355,0.0
359.0,295.0,294.0,292.0,289.0,270.0,233.0,316.0,87.0,357,0.0
362.0,295.0,292.0,261.0,289.0,279.0,234.0,0,87.0,359,0.0
363.0,293.0,298.0,261.0,290.0,277.0,231.0,0,86.0,0,0.0
363.0,296.0,296.0,265.0,289.0,269.0,234.0,106.0,87.0,2,0.0
364.0,295.0,294.0,283.0,288.0,271.0,233.0,106.0,87.0,4,0.0
362.0,297.0,291.0,267.0,289.0,279.0,230.0,0,86.0,6,0.0
365.0,295.0,296.0,261.0,290.0,276.0,231.0,0,102.0,8,0.0
359.0,0,295.0,264.0,290.0,276.0,231.0,0,86.0,10,0.0
360.0,295.0,296.0,263.0,287.0,272.0,232.0,0,0,12,0.0
361.0,0,292.0,264.0,289.0,277.0,231.0,0,0,14,0.0
362.0,297.0,294.0,260.0,289.0,276.0,232.0,0,86.0,16,0.0
365.0,0,295.0,263.0,289.0,276.0,231.0,0,86.0,18,0.0
359.0,0,294.0,263.0,289.0,269.0,233.0,316.0,87.0,20,0.0
364.0,295.0,295.0,285.0,289.0,270.0,233.0,316.0,87.0,22,0.0
364.0,0,295.0,260.0,289.0,276.0,231.0,0,86.0,24,0.0
362.0,295.0,289.0,292.0,288.0,279.0,233.0,106.0,87.0,26,0.0
364.0,0,295.0,264.0,289.0,272.0,232.0,0,88.0,28,0.0
364.0,295.0,290.0,263.0,289.0,277.0,230.0,0,86.0,30,0.0
360.0,294.0,296.0,263.0,289.0,270.0,233.0,106.0,87.0,32,0.0
363.0,295.0,296.0,289.0,289.0,277.0,234.0,106.0,87.0,34,0.0
364.0,0,295.0,264.0,288.0,276.0,231.0,0,86.0,36,0.0
363.0,294.0,298.0,263.0,288.0,271.0,232.0,0,0,38,0.0
361.0,295.0,289.0,260.0,289.0,279.0,233.0,106.0,87.0,40,0.0
364.0,295.0,291.0,264.0,289.0,277.0,231.0,0,0,42,0.0
364.0,295.0,295.0,263.0,289.0,272.0,232.0,0,0,44,0.0
201.0,240.0,490.0,27.0,27.0,28.0,38.0,152.0,49.0,315,136.0
208.0,240.0,404.0,27.0,27.0,28.0,38.0,152.0,49.0,317,134.0
211.0,238.0,492.0,27.0,27.0,28.0,38.0,151.0,50.0,319,132.0
208.0,239.0,492.0,27.0,27.0,28.0,39.0,153.0,49.0,321,130.0
191.0,238.0,492.0,27.0,27.0,38.0,38.0,151.0,50.0,323,128.0
206.0,240.0,486.0,27.0,27.0,28.0,38.0,151.0,49.0,325,126.0
203.0,237.0,492.0,27.0,27.0,28.0,38.0,0,49.0,327,124.0
201.0,240.0,491.0,27.0,27.0,28.0,38.0,152.0,49.0,329,122.0
203.0,238.0,495.0,491.0,27.0,28.0,38.0,150.0,50.0,331,120.0
211.0,241.0,494.0,27.0,27.0,28.0,38.0,151.0,49.0,333,118.0
192.0,238.0,491.0,27.0,27.0,28.0,38.0,152.0,49.0,335,116.0
205.0,240.0,494.0,27.0,27.0,28.0,38.0,152.0,49.0,337,114.0
218.0,240.0,493.0,27.0,27.0,28.0,38.0,150.0,50.0,339,112.0
192.0,237.0,496.0,27.0,27.0,28.0,38.0,151.0,50.0,341,110.0
209.0,238.0,492.0,27.0,27.0,28.0,39.0,0,49.0,343,108.0
202.0,240.0,490.0,27.0,27.0,28.0,38.0,151.0,50.0,345,106.0
203.0,238.0,492.0,27.0,27.0,28.0,39.0,0,49.0,347,104.0
192.0,237.0,495.0,27.0,27.0,28.0,38.0,152.0,49.0,349,102.0
216.0,238.0,495.0,27.0,27.0,28.0,39.0,0,49.0,351,100.0
211.0,244.0,494.0,27.0,27.0,28.0,38.0,0,50.0,353,98.0
202.0,239.0,492.0,27.0,27.0,28.0,39.0,0,49.0,355,96.0
205.0,240.0,490.0,27.0,27.0,28.0,39.0,0,49.0,357,94.0
200.0,240.0,490.0,27.0,27.0,28.0,38.0,154.0,49.0,359,92.0
204.0,237.0,495.0,27.0,27.0,28.0,38.0,152.0,49.0,0,90.0
192.0,237.0,494.0,27.0,27.0,28.0,38.0,151.0,50.0,2,88.0
191.0,238.0,492.0,488.0,27.0,28.0,38.0,0,50.0,4,86.0
211.0,238.0,495.0,27.0,27.0,28.0,38.0,151.0,50.0,6,84.0
203.0,238.0,492.0,27.0,27.0,28.0,38.0,154.0,49.0,8,82.0
191.0,238.0,491.0,27.0,27.0,28.0,38.0,151.0,50.0,10,80.0
209.0,238.0,491.0,27.0,27.0,28.0,38.0,151.0,50.0,12,78.0
192.0,237.0,495.0,27.0,27.0,28.0,38.0,0,49.0,14,76.0
201.0,238.0,490.0,487.0,27.0,28.0,38.0,0,50.0,16,74.0
202.0,239.0,493.0,27.0,27.0,28.0,38.0,0,50.0,18,72.0
218.0,241.0,495.0,27.0,27.0,28.0,38.0,152.0,49.0,20,70.0
205.0,240.0,493.0,27.0,27.0,28.0,38.0,151.0,50.0,22,68.0
201.0,238.0,491.0,27.0,27.0,38.0,38.0,154.0,49.0,24,66.0
204.0,238.0,491.0,27.0,27.0,28.0,38.0,152.0,49.0,26,64.0
206.0,240.0,490.0,27.0,27.0,28.0,38.0,0,49.0,28,62.0
191.0,244.0,493.0,27.0,27.0,38.0,38.0,154.0,49.0,30,60.0
217.0,237.0,495.0,27.0,27.0,28.0,38.0,152.0,49.0,32,58.0
203.0,237.0,490.0,27.0,27.0,28.0,38.0,152.0,50.0,34,56.0
191.0,240.0,493.0,27.0,27.0,28.0,38.0,152.0,49.0,36,54.0
209.0,238.0,491.0,27.0,27.0,28.0,39.0,0,49.0,38,52.0
197.0,240.0,490.0,27.0,27.0,38.0,38.0,150.0,49.0,40,50.0
201.0,238.0,491.0,27.0,27.0,28.0,38.0,152.0,49.0,42,48.0
203.0,237.0,493.0,27.0,27.0,28.0,38.0,151.0,50.0,44,46.0
191.0,237.0,490.0,27.0,27.0,28.0,38.0,154.0,49.0,270,0.0
210.0,239.0,495.0,27.0,27.0,37.0,38.0,0,49.0,275,-5.0
202.0,238.0,491.0,27.0,27.0,28.0,38.0,151.0,49.0,280,-10.0
191.0,238.0,493.0,27.0,27.0,37.0,38.0,0,49.0,285,-15.0
207.0,240.0,489.0,27.0,27.0,28.0,38.0,0,50.0,290,-20.0
210.0,237.0,491.0,487.0,27.0,28.0,38.0,152.0,49.0,295,-25.0
202.0,238.0,491.0,27.0,27.0,28.0,38.0,151.0,49.0,300,-30.0
205.0,243.0,490.0,27.0,27.0,37.0,38.0,154.0,49.0,305,-35.0
219.0,243.0,489.0,27.0,27.0,28.0,38.0,153.0,49.0,310,-40.0
220.0,240.0,489.0,27.0,27.0,28.0,38.0,151.0,50.0,315,-45.0
198.0,243.0,487.0,27.0,27.0,28.0,38.0,151.0,50.0,320,-50.0
209.0,238.0,492.0,27.0,27.0,28.0,38.0,154.0,49.0,325,-55.0
207.0,240.0,490.0,27.0,27.0,28.0,39.0,0,49.0,330,-60.0
205.0,240.0,489.0,27.0,27.0,28.0,38.0,0,49.0,335,-65.0
207.0,240.0,490.0,27.0,27.0,28.0,38.0,151.0,49.0,340,-70.0
207.0,240.0,492.0,27.0,27.0,28.0,38.0,152.0,49.0,345,-75.0
205.0,243.0,489.0,27.0,27.0,28.0,38.0,151.0,49.0,350,-80.0
205.0,240.0,491.0,27.0,27.0,28.0,38.0,152.0,49.0,355,-85.0
201.0,238.0,491.0,27.0,27.0,28.0,38.0,152.0,49.0,360,-90.0
209.0,238.0,493.0,486.0,27.0,28.0,38.0,151.0,50.0,0,90.0
207.0,240.0,486.0,27.0,27.0,28.0,38.0,151.0,49.0,5,85.0
209.0,238.0,493.0,27.0,27.0,37.0,38.0,152.0,48.0,10,80.0
218.0,241.0,494.0,27.0,27.0,28.0,38.0,152.0,49.0,15,75.0
206.0,240.0,489.0,27.0,27.0,28.0,38.0,0,49.0,20,70.0
201.0,238.0,492.0,27.0,27.0,28.0,38.0,151.0,50.0,25,65.0
192.0,243.0,491.0,27.0,27.0,28.0,38.0,151.0,49.0,30,60.0
204.0,236.0,494.0,27.0,27.0,28.0,38.0,151.0,48.0,35,55.0
205.0,240.0,491.0,27.0,27.0,28.0,38.0,0,49.0,40,50.0
205.0,240.0,490.0,27.0,27.0,28.0,38.0,0,49.0,45,45.0
206.0,240.0,492.0,27.0,27.0,28.0,38.0,151.0,49.0,50,40.0
206.0,242.0,490.0,27.0,27.0,28.0,38.0,151.0,50.0,55,35.0
205.0,242.0,490.0,27.0,27.0,28.0,38.0,151.0,50.0,60,30.0
192.0,238.0,494.0,27.0,27.0,37.0,38.0,154.0,49.0,65,25.0
207.0,238.0,492.0,27.0,27.0,28.0,38.0,151.0,50.0,70,20.0
206.0,240.0,490.0,27.0,27.0,28.0,38.0,154.0,49.0,75,15.0
204.0,240.0,489.0,27.0,27.0,28.0,38.0,152.0,49.0,80,10.0
192.0,236.0,494.0,27.0,27.0,28.0,38.0,152.0,49.0,85,5.0
0,188.0,149.0,0,0,31.0,27.0,24.0,23.0,270,45.0
635.0,189.0,151.0,0,0,31.0,27.0,24.0,23.0,275,40.0
635.0,186.0,151.0,0,0,31.0,26.0,24.0,23.0,280,35.0
635.0,174.0,151.0,0,0,31.0,27.0,24.0,23.0,285,30.0
635.0,184.0,151.0,0,0,31.0,27.0,24.0,23.0,290,25.0
635.0,174.0,151.0,0,0,31.0,27.0,24.0,23.0,295,20.0
635.0,174.0,151.0,0,0,31.0,27.0,26.0,23.0,300,15.0
635.0,192.0,0,0,0,31.0,27.0,24.0,22.0,305,10.0
635.0,185.0,151.0,0,0,30.0,27.0,26.0,22.0,310,5.0
635.0,191.0,0,0,0,31.0,27.0,24.0,23.0,315,0.0
636.0,176.0,151.0,0,0,31.0,27.0,24.0,23.0,320,-5.0
635.0,185.0,151.0,0,0,31.0,27.0,24.0,23.0,325,-10.0
636.0,185.0,151.0,0,0,31.0,27.0,24.0,23.0,330,-15.0
635.0,191.0,152.0,0,0,31.0,26.0,24.0,23.0,335,-20.0
635.0,189.0,151.0,0,0,31.0,27.0,24.0,22.0,340,-25.0
635.0,0,150.0,0,0,31.0,26.0,24.0,22.0,345,-30.0
635.0,185.0,151.0,0,0,31.0,27.0,24.0,23.0,350,-35.0
635.0,188.0,150.0,0,0,31.0,26.0,24.0,23.0,355,-40.0
635.0,188.0,150.0,0,0,31.0,27.0,24.0,23.0,360,-45.0
635.0,191.0,0,0,0,31.0,26.0,24.0,23.0,0,180.0
636.0,188.0,150.0,0,0,31.0,27.0,24.0,22.0,5,175.0
635.0,0,150.0,0,0,31.0,27.0,24.0,22.0,10,170.0
635.0,191.0,152.0,0,0,31.0,27.0,24.0,23.0,15,165.0
635.0,191.0,0,0,0,31.0,26.0,24.0,23.0,20,160.0
645.0,0,151.0,0,0,31.0,27.0,26.0,23.0,25,155.0
636.0,187.0,0,0,0,31.0,27.0,24.0,23.0,30,150.0
635.0,188.0,150.0,0,0,31.0,27.0,24.0,23.0,35,145.0
635.0,188.0,149.0,0,0,31.0,27.0,24.0,22.0,40,140.0
635.0,189.0,151.0,0,0,31.0,27.0,24.0,22.0,45,135.0
636.0,187.0,0,0,0,31.0,27.0,24.0,23.0,50,130.0
636.0,188.0,149.0,0,0,31.0,27.0,24.0,23.0,55,125.0
635.0,188.0,150.0,0,0,31.0,26.0,24.0,22.0,60,120.0
635.0,184.0,0,0,0,31.0,26.0,24.0,23.0,65,115.0
635.0,0,151.0,0,0,31.0,26.0,24.0,22.0,70,110.0
635.0,0,150.0,0,0,31.0,27.0,24.0,23.0,75,105.0
635.0,175.0,152.0,0,0,31.0,26.0,24.0,23.0,80,100.0
635.0,191.0,153.0,0,0,31.0,27.0,24.0,22.0,85,95.0
20.0,20.0,0,0,0,0,0,394.0,340.0,270,-90.0
19.0,0,0,0,0,0,0,394.0,340.0,275,-95.0
19.0,22.0,0,0,0,0,0,391.0,342.0,280,-100.0
19.0,22.0,0,0,0,0,366.0,392.0,345.0,285,-105.0
19.0,20.0,0,0,0,0,365.0,392.0,343.0,290,-110.0
19.0,20.0,0,0,0,0,374.0,379.0,344.0,295,-115.0
19.0,0,0,0,0,0,0,390.0,342.0,300,-120.0
19.0,22.0,0,0,0,0,0,0,342.0,305,-125.0
19.0,20.0,0,0,0,0,0,390.0,342.0,310,-130.0
19.0,22.0,0,0,0,0,392.0,386.0,340.0,315,-135.0
19.0,22.0,0,0,0,0,371.0,394.0,339.0,320,-140.0
19.0,20.0,0,0,0,0,0,392.0,343.0,325,-145.0
20.0,20.0,0,0,0,0,367.0,379.0,342.0,330,-150.0
20.0,22.0,0,0,0,0,376.0,383.0,341.0,335,-155.0
19.0,22.0,0,0,0,0,365.0,394.0,340.0,340,-160.0
19.0,20.0,0,0,0,0,0,392.0,345.0,345,-165.0
19.0,0,0,0,0,0,0,0,344.0,350,-170.0
19.0,22.0,0,0,0,0,365.0,390.0,342.0,355,-175.0
19.0,20.0,0,0,0,0,0,389.0,344.0,360,-180.0
19.0,20.0,0,0,0,0,365.0,392.0,342.0,0,45.0
19.0,0,0,0,0,0,365.0,392.0,345.0,5,40.0
19.0,20.0,0,0,0,0,390.0,388.0,342.0,10,35.0
19.0,20.0,0,0,0,0,377.0,379.0,342.0,15,30.0
19.0,22.0,0,0,0,0,0,392.0,345.0,20,25.0
19.0,20.0,0,0,0,0,371.0,392.0,345.0,25,20.0
19.0,20.0,0,0,0,0,383.0,377.0,342.0,30,15.0
19.0,20.0,0,0,0,0,371.0,376.0,342.0,35,10.0
19.0,22.0,0,0,0,0,365.0,392.0,344.0,40,5.0
19.0,20.0,0,0,0,0,365.0,0,344.0,45,0.0
19.0,20.0,0,0,0,0,382.0,0,344.0,50,-5.0
19.0,22.0,0,0,0,0,382.0,378.0,343.0,55,-10.0
19.0,0,0,0,0,0,363.0,0,344.0,60,-15.0
20.0,20.0,0,0,0,0,390.0,388.0,342.0,65,-20.0
19.0,22.0,0,0,0,0,0,394.0,340.0,70,-25.0
19.0,22.0,0,0,0,0,367.0,378.0,342.0,75,-30.0
19.0,20.0,0,0,0,0,0,394.0,344.0,80,-35.0
19.0,22.0,0,0,0,0,365.0,390.0,343.0,85,-40.0
0,29.0,25.0,23.0,23.0,21.0,21.0,21.0,23.0,270,0.0
0,28.0,25.0,23.0,22.0,21.0,21.0,22.0,24.0,275,-5.0
0,29.0,25.0,23.0,22.0,21.0,21.0,22.0,24.0,280,-10.0
0,29.0,25.0,23.0,22.0,21.0,21.0,22.0,24.0,285,-15.0
0,28.0,25.0,23.0,22.0,21.0,21.0,21.0,23.0,290,-20.0
0,29.0,25.0,23.0,23.0,21.0,21.0,22.0,23.0,295,-25.0
0,29.0,25.0,23.0,22.0,21.0,21.0,21.0,23.0,300,-30.0
0,29.0,25.0,23.0,22.0,21.0,21.0,21.0,23.0,305,-35.0
0,28.0,25.0,23.0,22.0,21.0,21.0,22.0,23.0,310,-40.0
0,29.0,25.0,23.0,23.0,21.0,21.0,21.0,23.0,315,-45.0
0,29.0,25.0,23.0,22.0,21.0,21.0,22.0,23.0,320,-50.0
0,28.0,25.0,23.0,22.0,21.0,21.0,22.0,24.0,325,-55.0
0,28.0,25.0,23.0,22.0,21.0,21.0,22.0,24.0,330,-60.0
0,29.0,25.0,23.0,22.0,21.0,21.0,22.0,23.0,335,-65.0
0,29.0,25.0,23.0,23.0,21.0,21.0,22.0,23.0,340,-70.0
34.0,28.0,25.0,23.0,22.0,21.0,21.0,22.0,23.0,345,-75.0
0,29.0,25.0,23.0,22.0,21.0,21.0,21.0,23.0,350,-80.0
0,29.0,25.0,23.0,22.0,21.0,21.0,22.0,24.0,355,-85.0
0,29.0,25.0,23.0,22.0,21.0,21.0,22.0,23.0,360,-90.0
0,28.0,25.0,23.0,23.0,21.0,21.0,21.0,24.0,0,75.0
34.0,29.0,25.0,23.0,22.0,21.0,21.0,22.0,24.0,5,70.0
0,29.0,25.0,23.0,22.0,21.0,21.0,22.0,23.0,10,65.0
0,29.0,25.0,23.0,22.0,21.0,21.0,22.0,23.0,15,60.0
0,28.0,25.0,23.0,22.0,21.0,21.0,21.0,23.0,20,55.0
0,29.0,25.0,23.0,22.0,21.0,21.0,22.0,23.0,25,50.0
0,28.0,25.0,23.0,23.0,21.0,21.0,22.0,23.0,30,45.0
0,29.0,25.0,23.0,22.0,21.0,21.0,21.0,23.0,35,40.0
0,28.0,25.0,23.0,22.0,21.0,21.0,21.0,23.0,40,35.0
0,29.0,25.0,23.0,22.0,21.0,21.0,22.0,23.0,45,30.0
0,28.0,25.0,23.0,23.0,21.0,21.0,22.0,23.0,50,25.0
0,29.0,25.0,23.0,22.0,21.0,21.0,22.0,23.0,55,20.0
34.0,28.0,25.0,23.0,22.0,21.0,21.0,21.0,23.0,60,15.0
0,29.0,25.0,23.0,22.0,21.0,21.0,22.0,23.0,65,10.0
34.0,29.0,25.0,23.0,22.0,21.0,21.0,22.0,24.0,70,5.0
0,28.0,25.0,23.0,23.0,21.0,21.0,21.0,23.0,75,0.0
0,29.0,25.0,23.0,22.0,21.0,21.0,21.0,24.0,80,-5.0
0,28.0,25.0,23.0,22.0,21.0,21.0,21.0,23.0,85,-10.0
40.0,34.0,31.0,29.0,29.0,30.0,31.0,32.0,35.0,270,-90.0
29.0,25.0,23.0,23.0,22.0,23.0,24.0,24.0,29.0,275,-95.0
29.0,25.0,23.0,22.0,22.0,23.0,24.0,26.0,30.0,280,-100.0
29.0,25.0,24.0,22.0,22.0,23.0,24.0,24.0,29.0,285,-105.0
28.0,25.0,24.0,23.0,22.0,23.0,24.0,24.0,29.0,290,-110.0
28.0,25.0,24.0,22.0,22.0,23.0,24.0,24.0,29.0,295,-115.0
28.0,25.0,23.0,22.0,22.0,23.0,24.0,24.0,30.0,300,-120.0
28.0,26.0,23.0,22.0,22.0,23.0,24.0,26.0,30.0,305,-125.0
28.0,25.0,23.0,22.0,22.0,23.0,24.0,26.0,29.0,310,-130.0
29.0,25.0,23.0,22.0,22.0,23.0,24.0,24.0,28.0,315,-135.0
28.0,25.0,23.0,22.0,22.0,23.0,24.0,26.0,30.0,320,-140.0
28.0,25.0,23.0,22.0,22.0,23.0,24.0,24.0,29.0,325,-145.0
28.0,25.0,24.0,22.0,22.0,23.0,24.0,26.0,28.0,330,-150.0
28.0,25.0,24.0,22.0,22.0,22.0,24.0,26.0,30.0,335,-155.0
28.0,25.0,24.0,22.0,22.0,23.0,24.0,26.0,30.0,340,-160.0
28.0,25.0,24.0,22.0,22.0,23.0,24.0,26.0,30.0,345,-165.0
28.0,25.0,24.0,22.0,22.0,23.0,24.0,26.0,30.0,350,-170.0
28.0,25.0,23.0,22.0,22.0,23.0,24.0,26.0,30.0,355,-175.0
28.0,25.0,23.0,22.0,22.0,23.0,24.0,26.0,29.0,360,-180.0
28.0,25.0,23.0,22.0,22.0,23.0,24.0,24.0,30.0,0,180.0
28.0,25.0,24.0,22.0,22.0,23.0,24.0,26.0,30.0,5,175.0
28.0,25.0,23.0,22.0,22.0,23.0,24.0,24.0,30.0,10,170.0
28.0,25.0,23.0,22.0,22.0,23.0,24.0,26.0,30.0,15,165.0
28.0,25.0,24.0,22.0,22.0,23.0,24.0,26.0,30.0,20,160.0
28.0,25.0,24.0,22.0,22.0,23.0,24.0,26.0,30.0,25,155.0
28.0,25.0,23.0,22.0,22.0,23.0,24.0,24.0,30.0,30,150.0
28.0,25.0,24.0,22.0,22.0,23.0,24.0,26.0,29.0,35,145.0
28.0,25.0,23.0,22.0,22.0,23.0,24.0,24.0,29.0,40,140.0
28.0,25.0,23.0,22.0,22.0,23.0,24.0,26.0,30.0,45,135.0
28.0,25.0,24.0,22.0,22.0,23.0,24.0,26.0,30.0,50,130.0
28.0,25.0,23.0,22.0,22.0,23.0,24.0,26.0,30.0,55,125.0
28.0,25.0,24.0,22.0,22.0,23.0,24.0,24.0,29.0,60,120.0
28.0,25.0,23.0,22.0,22.0,23.0,24.0,26.0,30.0,65,115.0
28.0,25.0,23.0,22.0,22.0,23.0,24.0,24.0,30.0,70,110.0
28.0,25.0,24.0,22.0,22.0,23.0,24.0,26.0,29.0,75,105.0
28.0,25.0,23.0,22.0,22.0,23.0,24.0,26.0,30.0,80,100.0
28.0,25.0,24.0,22.0,22.0,23.0,24.0,26.0,30.0,85,95.0
187.0,0,31.0,20.0,19.0,0,0,0,82.0,270,-45.0
187.0,42.0,31.0,20.0,19.0,0,0,0,81.0,275,-50.0
183.0,0,31.0,21.0,20.0,0,0,0,82.0,280,-55.0
179.0,0,31.0,21.0,20.0,0,0,82.0,82.0,285,-60.0
188.0,42.0,31.0,20.0,19.0,0,0,82.0,81.0,290,-65.0
188.0,41.0,31.0,20.0,19.0,0,0,0,81.0,295,-70.0
181.0,44.0,31.0,21.0,19.0,0,0,0,81.0,300,-75.0
182.0,0,25.0,21.0,19.0,0,0,0,81.0,305,-80.0
0,0,31.0,20.0,19.0,0,0,0,81.0,310,-85.0
183.0,42.0,31.0,20.0,19.0,0,0,82.0,82.0,315,-90.0
187.0,0,31.0,20.0,19.0,0,0,0,82.0,320,-95.0
188.0,42.0,31.0,20.0,19.0,0,0,0,82.0,325,-100.0
188.0,42.0,31.0,20.0,19.0,0,0,0,81.0,330,-105.0
0,43.0,31.0,21.0,19.0,0,0,82.0,82.0,335,-110.0
0,43.0,31.0,20.0,19.0,0,0,82.0,82.0,340,-115.0
189.0,0,31.0,21.0,20.0,0,0,0,81.0,345,-120.0
182.0,0,31.0,21.0,19.0,0,0,82.0,82.0,350,-125.0
187.0,0,31.0,20.0,19.0,0,0,82.0,82.0,355,-130.0
0,43.0,31.0,21.0,19.0,0,0,0,81.0,360,-135.0
178.0,0,31.0,21.0,20.0,0,0,82.0,82.0,0,135.0
180.0,0,31.0,21.0,19.0,0,0,0,82.0,5,130.0
188.0,42.0,31.0,20.0,19.0,0,0,0,82.0,10,125.0
184.0,0,25.0,20.0,20.0,0,0,0,81.0,15,120.0
0,43.0,31.0,21.0,19.0,0,0,0,82.0,20,115.0
185.0,41.0,31.0,22.0,19.0,0,0,0,82.0,25,110.0
185.0,41.0,32.0,20.0,19.0,0,0,0,81.0,30,105.0
188.0,42.0,31.0,20.0,19.0,0,0,82.0,82.0,35,100.0
188.0,42.0,31.0,20.0,19.0,0,0,0,82.0,40,95.0
182.0,0,31.0,20.0,19.0,0,0,82.0,81.0,45,90.0
187.0,42.0,31.0,20.0,19.0,0,0,0,81.0,50,85.0
189.0,0,31.0,20.0,19.0,0,0,82.0,81.0,55,80.0
0,43.0,31.0,21.0,19.0,0,0,82.0,82.0,60,75.0
187.0,0,31.0,20.0,19.0,0,0,0,82.0,65,70.0
182.0,41.0,32.0,20.0,19.0,0,0,0,82.0,70,65.0
186.0,43.0,31.0,20.0,19.0,0,0,82.0,81.0,75,60.0
178.0,0,31.0,21.0,19.0,0,0,0,81.0,80,55.0
182.0,0,31.0,21.0,19.0,0,0,82.0,82.0,85,50.0
24.0,22.0,21.0,20.0,20.0,264.0,264.0,0,0,270,0.0
24.0,22.0,21.0,20.0,20.0,264.0,259.0,287.0,356.0,275,-5.0
24.0,22.0,21.0,20.0,20.0,264.0,265.0,298.0,349.0,280,-10.0
24.0,22.0,21.0,20.0,20.0,263.0,264.0,293.0,303.0,285,-15.0
24.0,22.0,21.0,20.0,20.0,262.0,264.0,298.0,304.0,290,-20.0
24.0,22.0,21.0,20.0,20.0,262.0,275.0,294.0,300.0,295,-25.0
24.0,22.0,21.0,20.0,20.0,264.0,263.0,292.0,358.0,300,-30.0
23.0,22.0,21.0,20.0,20.0,263.0,263.0,292.0,358.0,305,-35.0
24.0,22.0,21.0,20.0,20.0,262.0,263.0,297.0,304.0,310,-40.0
24.0,22.0,21.0,20.0,20.0,262.0,265.0,297.0,304.0,315,-45.0
24.0,22.0,21.0,20.0,20.0,263.0,265.0,297.0,351.0,320,-50.0
24.0,22.0,21.0,20.0,20.0,103.0,73.0,294.0,356.0,325,-55.0
24.0,22.0,21.0,20.0,20.0,261.0,276.0,70.0,81.0,330,-60.0
24.0,22.0,21.0,20.0,20.0,262.0,275.0,297.0,312.0,335,-65.0
24.0,22.0,21.0,20.0,20.0,263.0,261.0,292.0,357.0,340,-70.0
24.0,22.0,21.0,20.0,20.0,264.0,276.0,293.0,356.0,345,-75.0
24.0,22.0,21.0,20.0,20.0,263.0,261.0,294.0,356.0,350,-80.0
24.0,22.0,21.0,20.0,20.0,263.0,265.0,298.0,351.0,355,-85.0
24.0,22.0,21.0,20.0,20.0,262.0,274.0,297.0,312.0,360,-90.0
24.0,22.0,21.0,20.0,20.0,261.0,260.0,295.0,356.0,0,60.0
24.0,22.0,21.0,20.0,20.0,262.0,275.0,296.0,310.0,5,55.0
24.0,22.0,21.0,20.0,20.0,264.0,263.0,292.0,358.0,10,50.0
24.0,22.0,21.0,20.0,20.0,261.0,275.0,287.0,301.0,15,45.0
23.0,22.0,21.0,20.0,20.0,263.0,274.0,296.0,310.0,20,40.0
24.0,22.0,21.0,20.0,20.0,264.0,263.0,292.0,358.0,25,35.0
24.0,22.0,21.0,20.0,20.0,262.0,275.0,294.0,300.0,30,30.0
24.0,22.0,21.0,20.0,20.0,261.0,260.0,294.0,356.0,35,25.0
24.0,22.0,21.0,20.0,20.0,261.0,260.0,294.0,347.0,40,20.0
24.0,22.0,21.0,20.0,20.0,263.0,264.0,299.0,311.0,45,15.0
24.0,22.0,21.0,20.0,20.0,262.0,275.0,286.0,45.0,50,10.0
24.0,22.0,21.0,20.0,20.0,263.0,264.0,298.0,304.0,55,5.0
24.0,22.0,21.0,20.0,20.0,264.0,263.0,292.0,233.0,60,0.0
24.0,22.0,21.0,20.0,20.0,262.0,260.0,287.0,232.0,65,-5.0
24.0,22.0,21.0,20.0,20.0,261.0,275.0,294.0,260.0,70,-10.0
24.0,22.0,21.0,20.0,20.0,262.0,275.0,296.0,309.0,75,-15.0
24.0,22.0,21.0,20.0,20.0,261.0,260.0,294.0,283.0,80,-20.0
24.0,22.0,21.0,20.0,20.0,261.0,259.0,294.0,281.0,85,-25.0
159.0,152.0,150.0,151.0,0,25.0,28.0,24.0,0,270,45.0
160.0,153.0,150.0,151.0,0,25.0,28.0,23.0,0,275,40.0
158.0,152.0,149.0,151.0,23.0,25.0,28.0,23.0,0,280,35.0
159.0,152.0,150.0,151.0,0,25.0,28.0,24.0,0,285,30.0
159.0,153.0,150.0,150.0,0,25.0,28.0,23.0,37.0,290,25.0
159.0,152.0,150.0,151.0,0,25.0,28.0,23.0,0,295,20.0
159.0,152.0,150.0,151.0,0,25.0,28.0,23.0,0,300,15.0
160.0,152.0,150.0,151.0,0,25.0,28.0,23.0,37.0,305,10.0
160.0,152.0,149.0,151.0,23.0,24.0,28.0,23.0,37.0,310,5.0
159.0,153.0,150.0,151.0,0,25.0,28.0,24.0,0,315,0.0
160.0,153.0,150.0,151.0,0,25.0,28.0,23.0,37.0,320,-5.0
158.0,152.0,149.0,151.0,0,25.0,28.0,24.0,0,325,-10.0
159.0,153.0,150.0,151.0,0,25.0,28.0,24.0,37.0,330,-15.0
159.0,153.0,150.0,151.0,0,24.0,28.0,23.0,37.0,335,-20.0
159.0,153.0,150.0,151.0,0,25.0,28.0,23.0,0,340,-25.0
160.0,152.0,150.0,151.0,0,25.0,28.0,23.0,37.0,345,-30.0
160.0,153.0,150.0,151.0,0,25.0,28.0,23.0,0,350,-35.0
160.0,152.0,150.0,151.0,0,25.0,28.0,23.0,0,355,-40.0
159.0,153.0,150.0,151.0,23.0,25.0,28.0,23.0,37.0,360,-45.0
159.0,152.0,150.0,151.0,0,25.0,28.0,24.0,0,0,180.0
160.0,152.0,150.0,151.0,0,25.0,28.0,23.0,0,5,175.0
159.0,152.0,150.0,151.0,0,25.0,28.0,23.0,0,10,170.0
159.0,152.0,150.0,151.0,0,25.0,28.0,23.0,0,15,165.0
159.0,153.0,150.0,151.0,0,25.0,28.0,24.0,0,20,160.0
159.0,152.0,150.0,151.0,0,25.0,28.0,24.0,0,25,155.0
159.0,153.0,150.0,151.0,0,24.0,27.0,24.0,37.0,30,150.0
159.0,152.0,150.0,151.0,23.0,25.0,28.0,23.0,37.0,35,145.0
160.0,152.0,150.0,151.0,0,25.0,28.0,23.0,37.0,40,140.0
159.0,152.0,150.0,151.0,23.0,25.0,28.0,23.0,0,45,135.0
159.0,152.0,150.0,151.0,0,25.0,28.0,24.0,0,50,130.0
160.0,152.0,150.0,151.0,0,25.0,28.0,23.0,0,55,125.0
159.0,153.0,150.0,151.0,0,25.0,28.0,24.0,0,60,120.0
160.0,152.0,150.0,151.0,0,25.0,28.0,23.0,0,65,115.0
159.0,152.0,150.0,151.0,0,25.0,28.0,23.0,0,70,110.0
159.0,152.0,150.0,151.0,0,25.0,28.0,23.0,0,75,105.0
160.0,152.0,150.0,151.0,0,25.0,28.0,23.0,0,80,100.0
160.0,152.0,150.0,151.0,0,25.0,28.0,23.0,0,85,95.0
0,23.0,23.0,0,297.0,280.0,74.0,65.0,60.0,270,-10.0
0,23.0,23.0,0,32.0,30.0,29.0,29.0,30.0,275,-15.0
0,23.0,23.0,0,0,30.0,29.0,29.0,30.0,280,-20.0
0,23.0,23.0,0,33.0,30.0,29.0,29.0,30.0,285,-25.0
26.0,23.0,23.0,0,32.0,30.0,29.0,29.0,30.0,290,-30.0
26.0,23.0,23.0,0,33.0,30.0,29.0,29.0,30.0,295,-35.0
0,23.0,23.0,0,32.0,30.0,29.0,29.0,30.0,300,-40.0
26.0,23.0,23.0,0,33.0,30.0,29.0,29.0,30.0,305,-45.0
0,23.0,23.0,0,32.0,30.0,29.0,29.0,30.0,310,-50.0
0,23.0,23.0,0,32.0,30.0,29.0,29.0,30.0,315,-55.0
26.0,23.0,23.0,0,32.0,30.0,29.0,29.0,30.0,320,-60.0
26.0,23.0,23.0,0,32.0,30.0,29.0,29.0,30.0,325,-65.0
0,23.0,23.0,0,32.0,30.0,29.0,29.0,30.0,330,-70.0
26.0,23.0,23.0,0,32.0,30.0,29.0,29.0,30.0,335,-75.0
26.0,23.0,23.0,0,32.0,30.0,29.0,29.0,30.0,340,-80.0
0,23.0,23.0,0,33.0,30.0,29.0,29.0,30.0,345,-85.0
26.0,23.0,23.0,0,33.0,30.0,29.0,29.0,30.0,350,-90.0
0,23.0,23.0,0,32.0,30.0,29.0,29.0,30.0,355,-95.0
0,23.0,23.0,0,32.0,30.0,29.0,29.0,30.0,360,-100.0
0,23.0,23.0,0,32.0,30.0,29.0,29.0,30.0,0,90.0
0,25.0,23.0,0,32.0,30.0,29.0,29.0,30.0,5,85.0
0,23.0,23.0,0,33.0,30.0,29.0,29.0,30.0,10,80.0
0,23.0,23.0,0,0,42.0,40.0,39.0,39.0,15,75.0
0,23.0,23.0,0,32.0,30.0,29.0,29.0,30.0,20,70.0
0,23.0,23.0,0,33.0,30.0,29.0,29.0,30.0,25,65.0
0,23.0,23.0,0,33.0,30.0,29.0,29.0,30.0,30,60.0
0,23.0,23.0,0,32.0,30.0,29.0,29.0,30.0,35,55.0
0,23.0,24.0,0,32.0,30.0,29.0,29.0,30.0,40,50.0
26.0,23.0,23.0,0,0,30.0,29.0,29.0,30.0,45,45.0
0,23.0,23.0,0,33.0,30.0,29.0,29.0,30.0,50,40.0
0,23.0,23.0,0,0,31.0,29.0,29.0,30.0,55,35.0
26.0,23.0,23.0,0,32.0,30.0,29.0,29.0,30.0,60,30.0
0,23.0,23.0,0,32.0,30.0,29.0,29.0,30.0,65,25.0
26.0,23.0,23.0,0,32.0,30.0,29.0,29.0,30.0,70,20.0
26.0,23.0,23.0,0,32.0,30.0,29.0,29.0,30.0,75,15.0
0,23.0,23.0,0,0,30.0,29.0,29.0,30.0,80,10.0
0,23.0,23.0,0,32.0,30.0,29.0,29.0,30.0,85,5.0
22.0,24.0,0,0,0,0,304.0,393.0,344.0,270,-90.0
22.0,0,0,0,0,384.0,0,387.0,341.0,275,-95.0
22.0,0,0,0,0,383.0,0,256.0,321.0,280,-100.0
0,23.0,0,0,0,305.0,0,298.0,343.0,285,-105.0
22.0,23.0,0,0,0,377.0,0,233.0,338.0,290,-110.0
21.0,0,0,0,0,381.0,0,380.0,340.0,295,-115.0
21.0,0,0,0,0,0,0,387.0,344.0,300,-120.0
22.0,0,0,0,0,0,0,394.0,347.0,305,-125.0
21.0,0,0,0,0,389.0,0,379.0,342.0,310,-130.0
21.0,24.0,0,0,0,0,0,391.0,344.0,315,-135.0
20.0,0,0,0,0,0,0,380.0,340.0,320,-140.0
22.0,24.0,0,0,0,389.0,0,0,341.0,325,-145.0
22.0,0,0,0,0,385.0,0,0,343.0,330,-150.0
22.0,0,0,0,0,381.0,0,381.0,0,335,-155.0
22.0,23.0,0,0,0,0,304.0,384.0,343.0,340,-160.0
20.0,0,0,0,0,371.0,0,382.0,0,345,-165.0
0,23.0,0,0,0,0,0,390.0,344.0,350,-170.0
22.0,23.0,0,0,0,0,396.0,377.0,346.0,355,-175.0
20.0,24.0,0,0,0,390.0,0,383.0,341.0,360,-180.0
20.0,24.0,0,0,0,381.0,0,383.0,338.0,0,40.0
22.0,0,0,0,0,385.0,0,383.0,340.0,5,35.0
22.0,23.0,0,0,0,0,0,393.0,342.0,10,30.0
21.0,24.0,0,0,0,371.0,0,383.0,341.0,15,25.0
20.0,24.0,0,0,0,304.0,0,389.0,342.0,20,20.0
21.0,24.0,0,0,0,382.0,0,382.0,341.0,25,15.0
21.0,23.0,0,0,0,304.0,0,389.0,342.0,30,10.0
20.0,24.0,0,0,0,383.0,0,389.0,341.0,35,5.0
22.0,0,0,0,0,371.0,0,382.0,341.0,40,0.0
20.0,23.0,0,0,0,0,395.0,379.0,343.0,45,-5.0
0,0,0,0,0,0,0,393.0,343.0,50,-10.0
20.0,0,0,0,0,382.0,0,388.0,343.0,55,-15.0
21.0,0,0,0,0,392.0,260.0,379.0,342.0,60,-20.0
20.0,23.0,0,0,0,0,0,392.0,344.0,65,-25.0
20.0,23.0,0,0,0,388.0,260.0,388.0,343.0,70,-30.0
0,24.0,0,0,0,383.0,0,383.0,341.0,75,-35.0
20.0,23.0,0,0,0,0,0,392.0,344.0,80,-40.0
21.0,0,0,0,0,374.0,0,225.0,339.0,85,-45.0
178.0,145.0,142.0,159.0,0,0,0,19.0,17.0,270,70.0
178.0,425.0,422.0,158.0,0,0,0,19.0,17.0,275,65.0
178.0,426.0,422.0,158.0,0,0,0,19.0,16.0,280,60.0
178.0,428.0,420.0,160.0,0,0,0,19.0,16.0,285,55.0
177.0,423.0,421.0,162.0,0,0,23.0,19.0,16.0,290,50.0
177.0,424.0,422.0,0,0,0,0,19.0,16.0,295,45.0
177.0,427.0,423.0,187.0,0,0,0,21.0,16.0,300,40.0
179.0,429.0,422.0,160.0,0,0,0,19.0,17.0,305,35.0
178.0,425.0,420.0,160.0,0,0,0,19.0,17.0,310,30.0
180.0,428.0,422.0,160.0,0,0,0,21.0,16.0,315,25.0
178.0,428.0,423.0,159.0,0,0,0,19.0,17.0,320,20.0
180.0,428.0,422.0,160.0,0,0,0,21.0,17.0,325,15.0
178.0,428.0,422.0,162.0,0,0,0,19.0,16.0,330,10.0
177.0,424.0,420.0,161.0,0,0,0,19.0,16.0,335,5.0
178.0,429.0,421.0,160.0,0,0,0,21.0,16.0,340,0.0
179.0,425.0,419.0,160.0,0,0,23.0,19.0,17.0,345,-5.0
179.0,428.0,422.0,159.0,0,0,0,21.0,17.0,350,-10.0
178.0,426.0,423.0,186.0,0,0,0,21.0,17.0,355,-15.0
178.0,426.0,422.0,161.0,0,0,0,19.0,16.0,360,-20.0
179.0,428.0,422.0,161.0,0,0,0,19.0,17.0,0,180.0
179.0,425.0,209.0,160.0,0,0,0,19.0,16.0,5,175.0
178.0,431.0,420.0,160.0,0,0,0,19.0,17.0,10,170.0
179.0,428.0,422.0,160.0,0,0,0,21.0,17.0,15,165.0
178.0,428.0,420.0,160.0,0,0,0,19.0,17.0,20,160.0
178.0,428.0,420.0,160.0,0,0,0,19.0,17.0,25,155.0
178.0,427.0,423.0,187.0,0,0,0,19.0,16.0,30,150.0
177.0,423.0,421.0,0,0,0,0,19.0,16.0,35,145.0
179.0,429.0,423.0,159.0,0,0,0,19.0,17.0,40,140.0
179.0,429.0,424.0,160.0,0,0,0,21.0,16.0,45,135.0
178.0,430.0,420.0,160.0,0,0,0,19.0,17.0,50,130.0
179.0,430.0,420.0,160.0,0,0,0,19.0,17.0,55,125.0
178.0,424.0,421.0,0,0,0,0,19.0,16.0,60,120.0
178.0,425.0,420.0,159.0,0,0,0,19.0,16.0,65,115.0
178.0,430.0,421.0,160.0,0,0,0,19.0,17.0,70,110.0
178.0,428.0,420.0,160.0,0,0,0,21.0,17.0,75,105.0
178.0,426.0,422.0,187.0,0,0,0,19.0,17.0,80,100.0
178.0,425.0,419.0,0,0,0,0,21.0,16.0,85,95.0
26.0,25.0,25.0,26.0,26.0,30.0,34.0,43.0,0,270,0.0
26.0,25.0,25.0,26.0,26.0,30.0,34.0,41.0,0,275,-5.0
26.0,25.0,25.0,26.0,27.0,30.0,34.0,0,0,280,-10.0
26.0,25.0,25.0,26.0,26.0,30.0,34.0,0,44.0,285,-15.0
26.0,25.0,25.0,26.0,26.0,30.0,34.0,0,0,290,-20.0
26.0,25.0,25.0,26.0,26.0,30.0,34.0,42.0,0,295,-25.0
26.0,25.0,25.0,26.0,26.0,30.0,34.0,41.0,0,300,-30.0
26.0,25.0,25.0,26.0,26.0,30.0,34.0,39.0,0,305,-35.0
26.0,25.0,25.0,26.0,26.0,30.0,34.0,41.0,0,310,-40.0
26.0,25.0,25.0,26.0,26.0,30.0,34.0,0,0,315,-45.0
26.0,25.0,25.0,26.0,26.0,30.0,34.0,41.0,0,320,-50.0
26.0,25.0,25.0,26.0,26.0,30.0,34.0,0,0,325,-55.0
26.0,25.0,25.0,26.0,26.0,30.0,34.0,41.0,0,330,-60.0
26.0,25.0,25.0,26.0,26.0,30.0,34.0,41.0,0,335,-65.0
26.0,25.0,25.0,26.0,26.0,30.0,35.0,36.0,0,340,-70.0
26.0,25.0,25.0,26.0,26.0,30.0,34.0,42.0,0,345,-75.0
26.0,25.0,25.0,26.0,26.0,30.0,34.0,0,0,350,-80.0
26.0,25.0,25.0,26.0,26.0,30.0,34.0,43.0,0,355,-85.0
26.0,25.0,25.0,26.0,27.0,30.0,34.0,41.0,0,360,-90.0
26.0,25.0,25.0,26.0,26.0,30.0,34.0,0,0,0,90.0
26.0,25.0,25.0,26.0,26.0,30.0,34.0,39.0,0,5,85.0
26.0,25.0,25.0,26.0,26.0,30.0,34.0,41.0,0,10,80.0
26.0,25.0,25.0,26.0,26.0,30.0,34.0,41.0,0,15,75.0
26.0,25.0,25.0,26.0,26.0,30.0,34.0,0,0,20,70.0
26.0,25.0,25.0,26.0,27.0,30.0,34.0,0,0,25,65.0
26.0,25.0,25.0,26.0,27.0,30.0,34.0,0,44.0,30,60.0
26.0,25.0,25.0,26.0,26.0,30.0,34.0,0,0,35,55.0
26.0,25.0,25.0,26.0,26.0,30.0,34.0,0,0,40,50.0
26.0,25.0,25.0,26.0,26.0,30.0,34.0,42.0,0,45,45.0
26.0,25.0,25.0,26.0,26.0,30.0,34.0,0,0,50,40.0
26.0,25.0,25.0,26.0,26.0,30.0,34.0,0,0,55,35.0
26.0,25.0,25.0,26.0,26.0,30.0,34.0,0,0,60,30.0
26.0,25.0,25.0,26.0,26.0,30.0,34.0,43.0,0,65,25.0
26.0,25.0,25.0,26.0,26.0,30.0,35.0,0,0,70,20.0
26.0,25.0,25.0,26.0,27.0,30.0,34.0,0,0,75,15.0
26.0,25.0,25.0,26.0,26.0,30.0,34.0,42.0,0,80,10.0
26.0,25.0,25.0,26.0,26.0,30.0,34.0,41.0,0,85,5.0
31.0,37.0,44.0,0,66.0,132.0,133.0,0,200.0,270,-90.0
31.0,36.0,44.0,0,66.0,132.0,133.0,225.0,197.0,275,-95.0
32.0,37.0,44.0,0,66.0,132.0,140.0,228.0,198.0,280,-100.0
32.0,36.0,45.0,0,66.0,132.0,133.0,225.0,197.0,285,-105.0
32.0,37.0,41.0,0,67.0,133.0,133.0,225.0,197.0,290,-110.0
32.0,37.0,44.0,0,66.0,133.0,141.0,225.0,198.0,295,-115.0
31.0,36.0,41.0,0,67.0,133.0,133.0,230.0,197.0,300,-120.0
31.0,36.0,43.0,0,67.0,132.0,133.0,229.0,196.0,305,-125.0
32.0,36.0,43.0,0,66.0,132.0,133.0,229.0,196.0,310,-130.0
32.0,37.0,44.0,0,66.0,132.0,133.0,225.0,198.0,315,-135.0
31.0,36.0,44.0,47.0,66.0,132.0,141.0,227.0,198.0,320,-140.0
32.0,37.0,44.0,0,66.0,132.0,133.0,225.0,197.0,325,-145.0
31.0,36.0,45.0,0,66.0,133.0,141.0,227.0,198.0,330,-150.0
31.0,36.0,41.0,0,66.0,133.0,141.0,226.0,198.0,335,-155.0
32.0,37.0,41.0,0,66.0,133.0,140.0,225.0,197.0,340,-160.0
31.0,37.0,43.0,0,66.0,132.0,141.0,226.0,198.0,345,-165.0
31.0,36.0,41.0,0,66.0,133.0,141.0,227.0,198.0,350,-170.0
31.0,36.0,43.0,0,66.0,132.0,133.0,229.0,196.0,355,-175.0
32.0,36.0,45.0,0,67.0,132.0,133.0,229.0,196.0,360,-180.0
31.0,36.0,44.0,0,66.0,133.0,141.0,227.0,198.0,0,30.0
32.0,37.0,44.0,0,66.0,133.0,141.0,226.0,198.0,5,25.0
31.0,37.0,45.0,48.0,66.0,133.0,141.0,227.0,198.0,10,20.0
31.0,36.0,45.0,0,66.0,132.0,140.0,229.0,196.0,15,15.0
31.0,36.0,42.0,0,66.0,132.0,133.0,225.0,197.0,20,10.0
32.0,36.0,45.0,0,66.0,132.0,133.0,229.0,196.0,25,5.0
32.0,37.0,46.0,0,66.0,133.0,141.0,226.0,198.0,30,0.0
31.0,36.0,45.0,0,67.0,133.0,133.0,229.0,196.0,35,-5.0
31.0,37.0,43.0,0,66.0,133.0,141.0,226.0,198.0,40,-10.0
31.0,36.0,45.0,48.0,67.0,133.0,133.0,229.0,196.0,45,-15.0
32.0,37.0,43.0,0,66.0,133.0,133.0,225.0,196.0,50,-20.0
31.0,36.0,43.0,0,66.0,133.0,141.0,227.0,198.0,55,-25.0
31.0,37.0,45.0,0,66.0,132.0,140.0,229.0,198.0,60,-30.0
32.0,36.0,43.0,46.0,66.0,133.0,141.0,226.0,198.0,65,-35.0
32.0,36.0,46.0,0,66.0,133.0,133.0,225.0,197.0,70,-40.0
32.0,37.0,43.0,0,66.0,133.0,141.0,226.0,198.0,75,-45.0
31.0,36.0,45.0,0,67.0,133.0,133.0,225.0,197.0,80,-50.0
31.0,37.0,44.0,0,66.0,132.0,141.0,226.0,198.0,85,-55.0
31.0,37.0,45.0,0,66.0,132.0,140.0,229.0,196.0,270,0.0
31.0,37.0,45.0,0,66.0,133.0,141.0,226.0,198.0,272,0.0
31.0,37.0,43.0,0,66.0,132.0,140.0,228.0,196.0,274,0.0
31.0,37.0,44.0,0,66.0,133.0,141.0,226.0,198.0,276,0.0
31.0,37.0,43.0,46.0,66.0,132.0,133.0,225.0,198.0,278,0.0
31.0,36.0,45.0,0,66.0,133.0,141.0,228.0,195.0,280,0.0
31.0,37.0,44.0,0,66.0,132.0,133.0,225.0,197.0,282,0.0
32.0,36.0,45.0,0,66.0,132.0,140.0,228.0,195.0,284,0.0
31.0,36.0,44.0,0,66.0,132.0,140.0,227.0,199.0,286,0.0
32.0,37.0,43.0,0,66.0,133.0,133.0,229.0,196.0,288,0.0
31.0,36.0,45.0,0,66.0,132.0,141.0,226.0,198.0,290,0.0
91.0,105.0,0,0,360.0,298.0,299.0,135.0,93.0,270,0.0
94.0,0,366.0,0,360.0,279.0,301.0,0,91.0,272,0.0
87.0,0,208.0,122.0,360.0,297.0,299.0,0,92.0,274,0.0
95.0,0,0,358.0,361.0,298.0,299.0,135.0,93.0,276,0.0
95.0,105.0,211.0,334.0,359.0,280.0,300.0,0,91.0,278,0.0
94.0,0,307.0,338.0,360.0,298.0,299.0,0,93.0,280,0.0
95.0,105.0,211.0,0,361.0,279.0,300.0,0,92.0,282,0.0
90.0,0,311.0,334.0,243.0,298.0,300.0,0,93.0,284,0.0
95.0,105.0,309.0,370.0,0,298.0,299.0,112.0,93.0,286,0.0
95.0,105.0,363.0,336.0,359.0,235.0,236.0,0,93.0,288,0.0
94.0,0,306.0,357.0,363.0,279.0,300.0,133.0,92.0,290,0.0
91.0,0,306.0,0,362.0,298.0,299.0,0,92.0,292,0.0
94.0,104.0,0,335.0,361.0,280.0,300.0,133.0,91.0,294,0.0
92.0,0,308.0,335.0,360.0,280.0,300.0,0,94.0,296,0.0
90.0,0,309.0,335.0,359.0,280.0,300.0,0,93.0,298,0.0
94.0,135.0,147.0,335.0,363.0,279.0,300.0,0,92.0,300,0.0
95.0,105.0,363.0,0,361.0,298.0,300.0,0,93.0,302,0.0
91.0,104.0,0,335.0,361.0,280.0,300.0,133.0,92.0,304,0.0
93.0,0,309.0,334.0,361.0,284.0,300.0,0,93.0,306,0.0
91.0,104.0,0,335.0,361.0,283.0,300.0,115.0,92.0,308,0.0
92.0,0,309.0,335.0,361.0,280.0,300.0,133.0,92.0,310,0.0
88.0,0,306.0,0,362.0,281.0,300.0,112.0,92.0,312,0.0
88.0,0,306.0,0,362.0,298.0,299.0,0,92.0,314,0.0
92.0,95.0,308.0,335.0,360.0,279.0,300.0,0,93.0,316,0.0
93.0,0,309.0,336.0,362.0,298.0,300.0,112.0,93.0,318,0.0
93.0,0,309.0,334.0,361.0,299.0,300.0,0,93.0,320,0.0
92.0,106.0,309.0,0,360.0,298.0,300.0,135.0,93.0,322,0.0
94.0,105.0,0,0,362.0,283.0,300.0,115.0,92.0,324,0.0
90.0,0,308.0,0,361.0,298.0,300.0,116.0,93.0,326,0.0
90.0,0,309.0,0,361.0,298.0,300.0,112.0,93.0,328,0.0
93.0,0,309.0,349.0,362.0,285.0,300.0,112.0,92.0,330,0.0
93.0,0,309.0,335.0,360.0,279.0,301.0,115.0,92.0,332,0.0
95.0,105.0,363.0,335.0,360.0,279.0,300.0,0,91.0,334,0.0
91.0,0,0,335.0,360.0,279.0,300.0,115.0,91.0,336,0.0
95.0,105.0,359.0,335.0,360.0,280.0,300.0,0,93.0,338,0.0
91.0,104.0,0,361.0,361.0,298.0,300.0,0,93.0,340,0.0
90.0,0,309.0,0,362.0,283.0,300.0,0,92.0,342,0.0
91.0,0,365.0,334.0,361.0,298.0,300.0,0,93.0,344,0.0
90.0,0,0,335.0,362.0,279.0,300.0,115.0,92.0,346,0.0
90.0,97.0,126.0,127.0,362.0,285.0,300.0,0,92.0,348,0.0
87.0,0,358.0,335.0,360.0,279.0,221.0,0,91.0,350,0.0
89.0,105.0,0,335.0,360.0,280.0,300.0,0,91.0,352,0.0
90.0,0,0,334.0,360.0,282.0,300.0,113.0,93.0,354,0.0
93.0,0,361.0,335.0,362.0,279.0,300.0,0,92.0,356,0.0
94.0,97.0,366.0,332.0,362.0,285.0,300.0,0,92.0,358,0.0
86.0,105.0,359.0,335.0,362.0,280.0,300.0,133.0,92.0,360,0.0
90.0,0,360.0,0,361.0,298.0,300.0,112.0,93.0,0,0.0
94.0,105.0,0,332.0,363.0,279.0,300.0,0,92.0,2,0.0
94.0,105.0,0,335.0,362.0,279.0,300.0,0,92.0,4,0.0
91.0,0,365.0,355.0,361.0,299.0,300.0,112.0,93.0,6,0.0
91.0,104.0,361.0,359.0,362.0,283.0,300.0,115.0,92.0,8,0.0
93.0,0,361.0,336.0,360.0,280.0,300.0,113.0,93.0,10,0.0
87.0,105.0,0,336.0,360.0,280.0,300.0,0,93.0,12,0.0
94.0,105.0,0,335.0,360.0,279.0,300.0,0,91.0,14,0.0
90.0,0,361.0,0,361.0,298.0,299.0,0,92.0,16,0.0
92.0,106.0,0,0,361.0,299.0,300.0,117.0,93.0,18,0.0
89.0,105.0,0,336.0,360.0,279.0,301.0,0,91.0,20,0.0
93.0,0,360.0,0,361.0,299.0,0,0,93.0,22,0.0
95.0,105.0,364.0,129.0,362.0,280.0,300.0,115.0,92.0,24,0.0
92.0,106.0,0,0,360.0,298.0,300.0,135.0,93.0,26,0.0
86.0,105.0,0,0,362.0,279.0,300.0,0,92.0,28,0.0
94.0,105.0,0,0,362.0,283.0,300.0,0,92.0,30,0.0
90.0,0,315.0,360.0,361.0,298.0,300.0,0,92.0,32,0.0
95.0,105.0,0,334.0,361.0,299.0,300.0,0,93.0,34,0.0
94.0,105.0,0,334.0,361.0,299.0,300.0,0,93.0,36,0.0
91.0,97.0,315.0,332.0,362.0,279.0,300.0,119.0,92.0,38,0.0
95.0,105.0,0,335.0,359.0,280.0,300.0,113.0,93.0,40,0.0
93.0,0,314.0,358.0,361.0,299.0,300.0,0,93.0,42,0.0
91.0,97.0,371.0,0,361.0,300.0,300.0,0,92.0,44,0.0
94.0,0,0,360.0,361.0,299.0,300.0,0,93.0,46,0.0
95.0,105.0,0,335.0,360.0,280.0,300.0,0,91.0,48,0.0
91.0,0,365.0,360.0,362.0,279.0,300.0,0,92.0,50,0.0
91.0,0,314.0,354.0,362.0,279.0,300.0,133.0,92.0,52,0.0
95.0,105.0,314.0,335.0,359.0,280.0,300.0,118.0,93.0,54,0.0
93.0,0,314.0,365.0,361.0,297.0,299.0,0,93.0,56,0.0
88.0,0,314.0,358.0,360.0,280.0,300.0,0,91.0,58,0.0
95.0,105.0,314.0,0,361.0,299.0,300.0,113.0,93.0,60,0.0
93.0,0,314.0,365.0,361.0,298.0,299.0,112.0,93.0,62,0.0
88.0,105.0,0,334.0,362.0,280.0,300.0,0,91.0,64,0.0
92.0,106.0,314.0,0,361.0,283.0,300.0,0,92.0,66,0.0
86.0,105.0,314.0,335.0,360.0,279.0,300.0,0,93.0,68,0.0
90.0,97.0,315.0,0,361.0,299.0,300.0,0,92.0,70,0.0
86.0,105.0,314.0,335.0,360.0,279.0,300.0,0,91.0,72,0.0
90.0,0,314.0,369.0,361.0,299.0,300.0,112.0,93.0,74,0.0
94.0,105.0,0,361.0,362.0,279.0,300.0,0,92.0,76,0.0
91.0,0,314.0,359.0,362.0,279.0,300.0,0,92.0,78,0.0
95.0,105.0,0,334.0,362.0,280.0,300.0,115.0,92.0,80,0.0
90.0,0,314.0,357.0,359.0,280.0,300.0,118.0,93.0,82,0.0
90.0,0,367.0,0,362.0,279.0,300.0,0,92.0,84,0.0
94.0,97.0,365.0,354.0,362.0,283.0,300.0,115.0,92.0,86,0.0
91.0,105.0,0,332.0,359.0,280.0,300.0,0,93.0,88,0.0
91.0,90.0,90.0,84.0,93.0,106.0,114.0,104.0,210.0,270,0.0
91.0,89.0,36.0,33.0,94.0,105.0,113.0,51.0,376.0,272,0.0
91.0,90.0,90.0,84.0,93.0,106.0,116.0,104.0,129.0,274,0.0
91.0,90.0,90.0,84.0,93.0,105.0,113.0,106.0,129.0,276,0.0
91.0,89.0,90.0,84.0,93.0,105.0,113.0,106.0,128.0,278,0.0
91.0,90.0,89.0,84.0,93.0,106.0,105.0,105.0,128.0,280,0.0
91.0,89.0,91.0,84.0,93.0,106.0,116.0,104.0,129.0,282,0.0
91.0,89.0,90.0,84.0,94.0,105.0,113.0,105.0,128.0,284,0.0
91.0,90.0,91.0,84.0,93.0,106.0,116.0,104.0,129.0,286,0.0
91.0,89.0,90.0,84.0,92.0,105.0,106.0,105.0,128.0,288,0.0
91.0,89.0,90.0,84.0,94.0,105.0,112.0,105.0,128.0,290,0.0
91.0,89.0,90.0,84.0,92.0,106.0,106.0,105.0,129.0,292,0.0
91.0,90.0,91.0,84.0,93.0,106.0,113.0,104.0,129.0,294,0.0
91.0,90.0,90.0,83.0,94.0,105.0,113.0,105.0,128.0,296,0.0
91.0,90.0,91.0,84.0,92.0,106.0,105.0,105.0,129.0,298,0.0
91.0,90.0,90.0,84.0,93.0,105.0,113.0,105.0,128.0,300,0.0
91.0,89.0,90.0,84.0,93.0,105.0,113.0,106.0,128.0,302,0.0
91.0,90.0,90.0,84.0,94.0,105.0,113.0,105.0,128.0,304,0.0
91.0,89.0,90.0,84.0,92.0,106.0,106.0,105.0,128.0,306,0.0
91.0,89.0,90.0,84.0,93.0,106.0,114.0,104.0,129.0,308,0.0
91.0,90.0,90.0,84.0,93.0,106.0,116.0,104.0,129.0,310,0.0
91.0,90.0,90.0,84.0,94.0,105.0,113.0,105.0,128.0,312,0.0
91.0,90.0,90.0,84.0,93.0,105.0,113.0,105.0,128.0,314,0.0
91.0,89.0,90.0,84.0,93.0,106.0,114.0,109.0,129.0,316,0.0
91.0,89.0,90.0,84.0,93.0,105.0,113.0,105.0,128.0,318,0.0
91.0,90.0,90.0,84.0,92.0,106.0,105.0,105.0,129.0,320,0.0
91.0,90.0,89.0,84.0,93.0,105.0,113.0,105.0,128.0,322,0.0
91.0,90.0,89.0,84.0,93.0,106.0,116.0,104.0,129.0,324,0.0
91.0,90.0,90.0,84.0,92.0,105.0,106.0,105.0,128.0,326,0.0
91.0,89.0,90.0,84.0,94.0,105.0,113.0,105.0,128.0,328,0.0
91.0,89.0,90.0,84.0,94.0,105.0,113.0,105.0,128.0,330,0.0
91.0,90.0,90.0,84.0,93.0,104.0,113.0,109.0,129.0,332,0.0
91.0,90.0,90.0,84.0,93.0,107.0,113.0,103.0,129.0,334,0.0
91.0,90.0,90.0,84.0,92.0,105.0,106.0,105.0,128.0,336,0.0
91.0,89.0,90.0,84.0,93.0,107.0,113.0,103.0,129.0,338,0.0
91.0,89.0,90.0,84.0,93.0,106.0,114.0,104.0,129.0,340,0.0
91.0,89.0,91.0,84.0,94.0,105.0,113.0,105.0,128.0,342,0.0
91.0,89.0,90.0,84.0,94.0,105.0,112.0,105.0,128.0,344,0.0
91.0,90.0,90.0,84.0,93.0,106.0,113.0,103.0,129.0,346,0.0
91.0,89.0,90.0,84.0,94.0,105.0,112.0,105.0,128.0,348,0.0
91.0,90.0,90.0,84.0,92.0,105.0,106.0,105.0,127.0,350,0.0
91.0,90.0,90.0,84.0,93.0,106.0,113.0,103.0,128.0,352,0.0
91.0,90.0,90.0,84.0,93.0,105.0,113.0,105.0,128.0,354,0.0
91.0,90.0,81.0,84.0,93.0,106.0,115.0,104.0,129.0,356,0.0
91.0,89.0,90.0,84.0,93.0,106.0,113.0,104.0,129.0,358,0.0
91.0,89.0,90.0,84.0,93.0,105.0,113.0,105.0,128.0,360,0.0
91.0,90.0,81.0,84.0,93.0,106.0,113.0,109.0,129.0,0,0.0
91.0,90.0,90.0,84.0,92.0,105.0,106.0,105.0,128.0,2,0.0
91.0,89.0,90.0,84.0,94.0,105.0,113.0,105.0,128.0,4,0.0
91.0,90.0,90.0,84.0,93.0,106.0,114.0,104.0,129.0,6,0.0
91.0,89.0,90.0,84.0,93.0,105.0,113.0,105.0,128.0,8,0.0
91.0,89.0,90.0,84.0,94.0,105.0,113.0,105.0,128.0,10,0.0
91.0,90.0,90.0,84.0,93.0,106.0,116.0,104.0,129.0,12,0.0
91.0,89.0,90.0,84.0,93.0,105.0,113.0,105.0,128.0,14,0.0
91.0,89.0,90.0,84.0,93.0,106.0,113.0,103.0,129.0,16,0.0
91.0,90.0,90.0,84.0,93.0,106.0,105.0,105.0,129.0,18,0.0
91.0,90.0,90.0,84.0,94.0,105.0,113.0,105.0,128.0,20,0.0
91.0,89.0,89.0,84.0,92.0,105.0,115.0,105.0,128.0,22,0.0
91.0,90.0,90.0,84.0,92.0,106.0,105.0,105.0,128.0,24,0.0
91.0,89.0,91.0,84.0,93.0,106.0,113.0,103.0,129.0,26,0.0
91.0,89.0,90.0,84.0,94.0,105.0,113.0,105.0,128.0,28,0.0
91.0,89.0,90.0,84.0,94.0,105.0,113.0,105.0,128.0,30,0.0
91.0,90.0,90.0,84.0,93.0,106.0,105.0,105.0,129.0,32,0.0
91.0,89.0,90.0,84.0,93.0,105.0,113.0,106.0,128.0,34,0.0
91.0,90.0,91.0,84.0,93.0,41.0,40.0,106.0,129.0,36,0.0
91.0,90.0,91.0,84.0,93.0,106.0,113.0,103.0,378.0,38,0.0
91.0,90.0,90.0,84.0,93.0,106.0,114.0,104.0,364.0,40,0.0
91.0,89.0,91.0,84.0,93.0,106.0,114.0,104.0,364.0,42,0.0
91.0,90.0,90.0,84.0,93.0,106.0,113.0,104.0,364.0,44,0.0
91.0,90.0,90.0,84.0,93.0,106.0,113.0,104.0,364.0,46,0.0
91.0,90.0,90.0,84.0,93.0,107.0,113.0,104.0,364.0,48,0.0
91.0,90.0,90.0,84.0,93.0,106.0,105.0,105.0,364.0,50,0.0
91.0,88.0,42.0,84.0,46.0,44.0,114.0,104.0,373.0,52,0.0
91.0,89.0,90.0,84.0,93.0,105.0,113.0,105.0,367.0,54,0.0
91.0,90.0,90.0,84.0,92.0,105.0,112.0,105.0,363.0,56,0.0
91.0,90.0,90.0,84.0,93.0,106.0,116.0,104.0,363.0,58,0.0
91.0,90.0,90.0,84.0,94.0,105.0,113.0,105.0,365.0,60,0.0
91.0,90.0,90.0,84.0,93.0,105.0,113.0,106.0,365.0,62,0.0
91.0,89.0,90.0,84.0,94.0,105.0,113.0,105.0,363.0,64,0.0
91.0,89.0,90.0,84.0,93.0,105.0,113.0,105.0,365.0,66,0.0
91.0,90.0,90.0,84.0,93.0,106.0,114.0,104.0,364.0,68,0.0
91.0,90.0,90.0,84.0,92.0,106.0,105.0,105.0,364.0,70,0.0
91.0,90.0,91.0,84.0,94.0,105.0,113.0,105.0,363.0,72,0.0
91.0,90.0,90.0,84.0,93.0,105.0,113.0,105.0,367.0,74,0.0
91.0,90.0,90.0,84.0,92.0,106.0,106.0,105.0,364.0,76,0.0
91.0,90.0,91.0,84.0,93.0,106.0,114.0,104.0,364.0,78,0.0
91.0,90.0,90.0,84.0,93.0,105.0,113.0,105.0,367.0,80,0.0
91.0,90.0,90.0,84.0,94.0,105.0,113.0,105.0,365.0,82,0.0
91.0,90.0,91.0,84.0,93.0,106.0,105.0,105.0,364.0,84,0.0
91.0,90.0,90.0,84.0,92.0,106.0,105.0,105.0,364.0,86,0.0
91.0,89.0,90.0,84.0,92.0,106.0,106.0,105.0,364.0,88,0.0
221.0,192.0,0,104.0,85.0,76.0,72.0,69.0,69.0,270,0.0
220.0,190.0,120.0,109.0,85.0,76.0,72.0,69.0,69.0,272,0.0
219.0,187.0,0,105.0,85.0,77.0,72.0,69.0,69.0,274,0.0
221.0,191.0,0,104.0,85.0,76.0,72.0,69.0,69.0,276,0.0
221.0,191.0,0,104.0,85.0,76.0,72.0,69.0,69.0,278,0.0
219.0,184.0,0,105.0,85.0,76.0,72.0,69.0,69.0,280,0.0
219.0,185.0,0,105.0,84.0,76.0,72.0,69.0,69.0,282,0.0
219.0,187.0,0,105.0,84.0,76.0,72.0,69.0,69.0,284,0.0
220.0,190.0,0,106.0,85.0,77.0,72.0,69.0,69.0,286,0.0
220.0,188.0,0,106.0,85.0,77.0,72.0,69.0,69.0,288,0.0
219.0,186.0,0,105.0,85.0,76.0,72.0,69.0,69.0,290,0.0
221.0,191.0,0,104.0,85.0,76.0,72.0,69.0,69.0,292,0.0
220.0,190.0,0,106.0,84.0,76.0,72.0,69.0,69.0,294,0.0
220.0,188.0,0,106.0,85.0,77.0,72.0,69.0,69.0,296,0.0
222.0,192.0,0,104.0,85.0,76.0,72.0,69.0,69.0,298,0.0
220.0,189.0,0,106.0,85.0,77.0,72.0,69.0,69.0,300,0.0
220.0,191.0,0,106.0,85.0,77.0,72.0,69.0,69.0,302,0.0
220.0,190.0,0,106.0,85.0,77.0,72.0,69.0,69.0,304,0.0
220.0,188.0,0,106.0,84.0,76.0,72.0,69.0,69.0,306,0.0
221.0,191.0,0,104.0,85.0,76.0,72.0,69.0,69.0,308,0.0
221.0,191.0,0,104.0,85.0,77.0,72.0,69.0,69.0,310,0.0
220.0,190.0,0,106.0,85.0,77.0,72.0,69.0,69.0,312,0.0
219.0,183.0,0,108.0,85.0,76.0,72.0,69.0,69.0,314,0.0
220.0,190.0,0,106.0,84.0,77.0,72.0,69.0,69.0,316,0.0
219.0,184.0,0,105.0,84.0,76.0,72.0,69.0,69.0,318,0.0
221.0,192.0,0,104.0,85.0,77.0,72.0,69.0,69.0,320,0.0
219.0,186.0,0,105.0,84.0,76.0,72.0,69.0,69.0,322,0.0
218.0,183.0,0,105.0,85.0,76.0,72.0,69.0,69.0,324,0.0
222.0,192.0,0,104.0,84.0,76.0,72.0,69.0,69.0,326,0.0
220.0,191.0,0,103.0,84.0,77.0,72.0,69.0,69.0,328,0.0
223.0,191.0,122.0,104.0,85.0,76.0,72.0,69.0,69.0,330,0.0
220.0,190.0,0,106.0,84.0,76.0,72.0,69.0,69.0,332,0.0
219.0,186.0,0,105.0,84.0,76.0,72.0,69.0,69.0,334,0.0
219.0,185.0,0,105.0,85.0,76.0,72.0,69.0,69.0,336,0.0
220.0,190.0,0,106.0,84.0,77.0,72.0,69.0,69.0,338,0.0
219.0,186.0,0,105.0,84.0,76.0,72.0,69.0,69.0,340,0.0
220.0,190.0,0,106.0,85.0,76.0,72.0,69.0,69.0,342,0.0
218.0,192.0,0,105.0,84.0,76.0,72.0,69.0,69.0,344,0.0
219.0,186.0,0,105.0,84.0,76.0,72.0,69.0,69.0,346,0.0
222.0,192.0,0,104.0,85.0,76.0,72.0,69.0,69.0,348,0.0
219.0,186.0,0,106.0,84.0,76.0,72.0,69.0,69.0,350,0.0
219.0,187.0,0,106.0,84.0,76.0,72.0,69.0,69.0,352,0.0
220.0,190.0,0,103.0,84.0,76.0,72.0,69.0,69.0,354,0.0
220.0,189.0,0,106.0,84.0,76.0,72.0,69.0,69.0,356,0.0
219.0,188.0,0,106.0,85.0,76.0,72.0,69.0,69.0,358,0.0
219.0,187.0,0,105.0,85.0,76.0,72.0,69.0,69.0,360,0.0
219.0,187.0,0,106.0,85.0,76.0,72.0,69.0,69.0,0,0.0
218.0,183.0,0,105.0,85.0,77.0,72.0,69.0,69.0,2,0.0
219.0,187.0,0,106.0,85.0,76.0,72.0,69.0,69.0,4,0.0
219.0,187.0,0,106.0,85.0,76.0,72.0,69.0,69.0,6,0.0
222.0,192.0,0,104.0,85.0,77.0,72.0,69.0,69.0,8,0.0
222.0,192.0,0,104.0,84.0,76.0,72.0,69.0,69.0,10,0.0
219.0,185.0,0,105.0,84.0,76.0,72.0,69.0,69.0,12,0.0
222.0,192.0,0,104.0,85.0,77.0,72.0,69.0,69.0,14,0.0
218.0,184.0,0,105.0,85.0,76.0,72.0,69.0,69.0,16,0.0
218.0,184.0,0,105.0,84.0,77.0,72.0,69.0,69.0,18,0.0
219.0,187.0,0,106.0,84.0,76.0,72.0,69.0,69.0,20,0.0
219.0,187.0,0,108.0,85.0,76.0,72.0,69.0,69.0,22,0.0
218.0,184.0,0,105.0,85.0,76.0,72.0,69.0,69.0,24,0.0
219.0,185.0,0,105.0,85.0,77.0,72.0,69.0,69.0,26,0.0
221.0,190.0,0,106.0,84.0,77.0,72.0,69.0,69.0,28,0.0
220.0,190.0,0,106.0,84.0,76.0,72.0,69.0,69.0,30,0.0
219.0,187.0,0,105.0,84.0,76.0,72.0,69.0,69.0,32,0.0
223.0,191.0,0,105.0,84.0,77.0,72.0,69.0,69.0,34,0.0
223.0,191.0,0,105.0,85.0,77.0,72.0,69.0,69.0,36,0.0
218.0,193.0,0,105.0,85.0,76.0,72.0,69.0,69.0,38,0.0
218.0,184.0,0,105.0,85.0,76.0,72.0,69.0,69.0,40,0.0
221.0,192.0,0,107.0,84.0,77.0,72.0,69.0,69.0,42,0.0
218.0,192.0,0,105.0,85.0,77.0,72.0,69.0,69.0,44,0.0
222.0,192.0,0,104.0,85.0,77.0,72.0,69.0,69.0,46,0.0
220.0,190.0,0,106.0,85.0,76.0,72.0,69.0,69.0,48,0.0
218.0,193.0,0,105.0,84.0,77.0,72.0,69.0,69.0,50,0.0
218.0,183.0,0,105.0,84.0,76.0,72.0,69.0,69.0,52,0.0
221.0,190.0,0,104.0,85.0,76.0,72.0,69.0,69.0,54,0.0
219.0,187.0,0,105.0,85.0,77.0,72.0,69.0,69.0,56,0.0
223.0,192.0,0,104.0,84.0,77.0,72.0,69.0,69.0,58,0.0
219.0,187.0,0,108.0,85.0,76.0,72.0,69.0,69.0,60,0.0
219.0,185.0,0,105.0,85.0,76.0,72.0,69.0,69.0,62,0.0
222.0,192.0,0,104.0,85.0,77.0,72.0,69.0,69.0,64,0.0
222.0,192.0,0,104.0,85.0,76.0,72.0,69.0,69.0,66,0.0
219.0,187.0,0,105.0,85.0,76.0,72.0,69.0,69.0,68,0.0
219.0,185.0,0,105.0,85.0,76.0,72.0,69.0,69.0,70,0.0
219.0,187.0,0,105.0,85.0,76.0,72.0,69.0,69.0,72,0.0
221.0,191.0,0,104.0,84.0,76.0,72.0,69.0,69.0,74,0.0
222.0,192.0,0,104.0,85.0,77.0,72.0,69.0,69.0,76,0.0
219.0,188.0,0,106.0,85.0,76.0,72.0,69.0,69.0,78,0.0
221.0,191.0,0,104.0,85.0,76.0,72.0,69.0,69.0,80,0.0
220.0,191.0,0,104.0,85.0,76.0,72.0,69.0,69.0,82,0.0
221.0,191.0,0,104.0,85.0,76.0,72.0,69.0,69.0,84,0.0
218.0,187.0,0,106.0,85.0,76.0,72.0,69.0,69.0,86,0.0
218.0,185.0,0,105.0,84.0,76.0,72.0,69.0,69.0,88,0.0
362.0,341.0,276.0,218.0,217.0,226.0,218.0,241.0,245.0,270,0.0
359.0,340.0,275.0,218.0,217.0,227.0,219.0,240.0,250.0,272,0.0
360.0,345.0,275.0,219.0,217.0,226.0,218.0,238.0,249.0,274,0.0
360.0,344.0,275.0,218.0,217.0,226.0,218.0,238.0,245.0,276,0.0
360.0,339.0,243.0,217.0,217.0,226.0,220.0,238.0,251.0,278,0.0
361.0,340.0,0,218.0,217.0,226.0,220.0,238.0,250.0,280,0.0
360.0,0,276.0,218.0,218.0,226.0,220.0,238.0,251.0,282,0.0
360.0,344.0,274.0,218.0,217.0,227.0,220.0,240.0,253.0,284,0.0
360.0,0,274.0,218.0,217.0,226.0,218.0,238.0,249.0,286,0.0
362.0,340.0,0,218.0,217.0,227.0,219.0,240.0,250.0,288,0.0
361.0,260.0,0,217.0,217.0,226.0,218.0,238.0,241.0,290,0.0
362.0,341.0,0,218.0,217.0,227.0,219.0,240.0,251.0,292,0.0
360.0,343.0,276.0,218.0,218.0,226.0,220.0,238.0,251.0,294,0.0
361.0,343.0,274.0,218.0,217.0,226.0,218.0,238.0,251.0,296,0.0
361.0,338.0,242.0,217.0,217.0,227.0,220.0,240.0,241.0,298,0.0
361.0,343.0,275.0,218.0,217.0,226.0,220.0,239.0,250.0,300,0.0
361.0,337.0,244.0,217.0,217.0,227.0,219.0,240.0,251.0,302,0.0
362.0,340.0,275.0,218.0,217.0,226.0,218.0,238.0,251.0,304,0.0
358.0,343.0,275.0,218.0,217.0,226.0,218.0,238.0,249.0,306,0.0
358.0,343.0,275.0,218.0,217.0,226.0,218.0,238.0,249.0,308,0.0
361.0,340.0,271.0,219.0,217.0,227.0,219.0,240.0,251.0,310,0.0
359.0,340.0,275.0,218.0,217.0,226.0,220.0,238.0,251.0,312,0.0
361.0,0,244.0,217.0,217.0,227.0,219.0,240.0,251.0,314,0.0
361.0,338.0,242.0,219.0,217.0,226.0,220.0,239.0,250.0,316,0.0
360.0,340.0,276.0,218.0,217.0,227.0,219.0,240.0,135.0,318,0.0
358.0,343.0,274.0,218.0,217.0,227.0,220.0,240.0,182.0,320,0.0
360.0,340.0,0,218.0,217.0,226.0,218.0,238.0,160.0,322,0.0
360.0,341.0,275.0,218.0,217.0,226.0,220.0,238.0,163.0,324,0.0
360.0,0,276.0,218.0,217.0,226.0,218.0,238.0,164.0,326,0.0
360.0,344.0,275.0,218.0,217.0,226.0,220.0,240.0,163.0,328,0.0
360.0,0,274.0,218.0,217.0,226.0,221.0,239.0,250.0,330,0.0
360.0,338.0,240.0,217.0,217.0,226.0,218.0,238.0,115.0,332,0.0
45.0,342.0,275.0,218.0,46.0,226.0,219.0,240.0,250.0,334,0.0
361.0,338.0,274.0,218.0,217.0,226.0,218.0,238.0,250.0,336,0.0
360.0,0,276.0,218.0,217.0,226.0,218.0,238.0,278.0,338,0.0
358.0,344.0,275.0,218.0,217.0,227.0,219.0,240.0,250.0,340,0.0
360.0,336.0,276.0,218.0,217.0,226.0,220.0,240.0,250.0,342,0.0
360.0,0,275.0,218.0,217.0,227.0,220.0,240.0,251.0,344,0.0
360.0,0,275.0,218.0,217.0,226.0,97.0,95.0,241.0,346,0.0
360.0,341.0,275.0,218.0,217.0,227.0,220.0,240.0,279.0,348,0.0
360.0,0,240.0,218.0,217.0,226.0,219.0,240.0,250.0,350,0.0
359.0,343.0,275.0,218.0,217.0,226.0,218.0,237.0,247.0,352,0.0
360.0,0,275.0,218.0,217.0,227.0,219.0,240.0,252.0,354,0.0
361.0,341.0,0,218.0,217.0,226.0,218.0,238.0,250.0,356,0.0
361.0,339.0,244.0,217.0,218.0,226.0,220.0,239.0,251.0,358,0.0
360.0,336.0,276.0,218.0,217.0,226.0,221.0,238.0,282.0,360,0.0
361.0,341.0,0,218.0,217.0,226.0,218.0,238.0,184.0,0,0.0
358.0,344.0,274.0,218.0,217.0,227.0,220.0,240.0,185.0,2,0.0
359.0,344.0,274.0,218.0,217.0,227.0,220.0,240.0,185.0,4,0.0
360.0,0,276.0,218.0,217.0,226.0,221.0,239.0,184.0,6,0.0
361.0,260.0,105.0,100.0,218.0,226.0,218.0,239.0,180.0,8,0.0
123.0,126.0,276.0,218.0,217.0,227.0,219.0,240.0,250.0,10,0.0
116.0,343.0,275.0,218.0,217.0,104.0,221.0,106.0,251.0,12,0.0
114.0,342.0,275.0,218.0,217.0,77.0,96.0,239.0,277.0,14,0.0
360.0,0,277.0,218.0,217.0,225.0,218.0,241.0,250.0,16,0.0
362.0,341.0,275.0,218.0,217.0,226.0,218.0,108.0,100.0,18,0.0
359.0,341.0,275.0,218.0,217.0,226.0,218.0,238.0,279.0,20,0.0
359.0,342.0,275.0,218.0,217.0,226.0,218.0,237.0,246.0,22,0.0
360.0,260.0,243.0,217.0,217.0,227.0,219.0,240.0,119.0,24,0.0
359.0,342.0,275.0,218.0,217.0,226.0,221.0,235.0,277.0,26,0.0
362.0,260.0,275.0,218.0,217.0,226.0,221.0,239.0,281.0,28,0.0
361.0,260.0,273.0,218.0,217.0,226.0,220.0,239.0,277.0,30,0.0
362.0,338.0,243.0,217.0,217.0,226.0,221.0,239.0,282.0,32,0.0
359.0,342.0,275.0,218.0,217.0,227.0,219.0,240.0,140.0,34,0.0
360.0,0,276.0,218.0,217.0,226.0,218.0,238.0,279.0,36,0.0
361.0,339.0,0,218.0,217.0,226.0,218.0,241.0,110.0,38,0.0
361.0,260.0,275.0,218.0,217.0,227.0,220.0,240.0,117.0,40,0.0
362.0,342.0,275.0,218.0,217.0,226.0,220.0,241.0,117.0,42,0.0
361.0,342.0,275.0,218.0,217.0,226.0,217.0,236.0,250.0,44,0.0
360.0,338.0,243.0,50.0,217.0,222.0,77.0,238.0,247.0,46,0.0
361.0,260.0,273.0,218.0,217.0,226.0,221.0,239.0,282.0,48,0.0
361.0,260.0,0,218.0,217.0,227.0,220.0,240.0,250.0,50,0.0
362.0,340.0,242.0,217.0,217.0,226.0,220.0,240.0,251.0,52,0.0
359.0,345.0,275.0,218.0,217.0,226.0,218.0,238.0,247.0,54,0.0
360.0,341.0,242.0,217.0,217.0,227.0,219.0,240.0,250.0,56,0.0
360.0,337.0,276.0,218.0,217.0,225.0,220.0,241.0,251.0,58,0.0
361.0,260.0,275.0,218.0,217.0,227.0,219.0,240.0,251.0,60,0.0
362.0,338.0,237.0,218.0,217.0,227.0,219.0,240.0,251.0,62,0.0
360.0,343.0,275.0,218.0,217.0,226.0,219.0,238.0,279.0,64,0.0
360.0,345.0,242.0,219.0,217.0,226.0,218.0,238.0,279.0,66,0.0
359.0,343.0,274.0,218.0,217.0,227.0,219.0,240.0,251.0,68,0.0
360.0,0,275.0,218.0,217.0,226.0,218.0,238.0,279.0,70,0.0
360.0,338.0,237.0,218.0,217.0,226.0,218.0,237.0,241.0,72,0.0
359.0,342.0,274.0,218.0,217.0,226.0,220.0,239.0,277.0,74,0.0
360.0,0,276.0,218.0,217.0,226.0,221.0,239.0,251.0,76,0.0
359.0,342.0,275.0,218.0,217.0,227.0,220.0,240.0,251.0,78,0.0
362.0,338.0,243.0,218.0,217.0,226.0,221.0,238.0,251.0,80,0.0
361.0,338.0,0,218.0,217.0,225.0,220.0,241.0,251.0,82,0.0
361.0,345.0,274.0,218.0,217.0,226.0,221.0,239.0,251.0,84,0.0
359.0,342.0,275.0,218.0,217.0,228.0,220.0,240.0,251.0,86,0.0
360.0,338.0,275.0,218.0,217.0,226.0,220.0,239.0,277.0,88,0.0
179.0,635.0,384.0,340.0,302.0,228.0,162.0,159.0,162.0,270,0.0
180.0,0,382.0,346.0,304.0,227.0,163.0,159.0,163.0,272,0.0
0,0,380.0,341.0,308.0,177.0,162.0,159.0,162.0,274,0.0
180.0,0,383.0,357.0,0,176.0,162.0,159.0,162.0,276,0.0
180.0,635.0,382.0,346.0,305.0,227.0,162.0,159.0,163.0,278,0.0
0,0,385.0,341.0,0,176.0,162.0,159.0,162.0,280,0.0
180.0,635.0,382.0,346.0,303.0,227.0,163.0,159.0,163.0,282,0.0
179.0,635.0,382.0,357.0,305.0,227.0,162.0,159.0,162.0,284,0.0
181.0,628.0,383.0,346.0,304.0,226.0,162.0,159.0,162.0,286,0.0
180.0,635.0,382.0,346.0,305.0,177.0,163.0,159.0,162.0,288,0.0
0,580.0,379.0,342.0,305.0,176.0,163.0,159.0,162.0,290,0.0
179.0,623.0,385.0,340.0,304.0,226.0,163.0,160.0,163.0,292,0.0
180.0,0,381.0,345.0,304.0,176.0,163.0,159.0,162.0,294,0.0
180.0,0,380.0,342.0,308.0,176.0,163.0,159.0,162.0,296,0.0
181.0,635.0,383.0,346.0,303.0,227.0,163.0,160.0,163.0,298,0.0
180.0,0,380.0,344.0,302.0,228.0,162.0,159.0,163.0,300,0.0
180.0,0,379.0,342.0,304.0,176.0,162.0,159.0,162.0,302,0.0
179.0,635.0,382.0,357.0,305.0,227.0,163.0,159.0,162.0,304,0.0
179.0,635.0,381.0,357.0,304.0,227.0,163.0,159.0,163.0,306,0.0
180.0,635.0,382.0,346.0,299.0,228.0,162.0,159.0,163.0,308,0.0
0,0,386.0,342.0,304.0,227.0,163.0,159.0,163.0,310,0.0
179.0,624.0,384.0,340.0,0,177.0,163.0,159.0,162.0,312,0.0
179.0,635.0,384.0,357.0,305.0,227.0,162.0,159.0,163.0,314,0.0
180.0,635.0,382.0,346.0,304.0,176.0,163.0,159.0,162.0,316,0.0
180.0,0,386.0,341.0,305.0,227.0,163.0,159.0,163.0,318,0.0
179.0,623.0,384.0,340.0,303.0,227.0,163.0,159.0,163.0,320,0.0
179.0,0,386.0,341.0,303.0,176.0,163.0,159.0,162.0,322,0.0
180.0,0,382.0,346.0,302.0,228.0,162.0,159.0,163.0,324,0.0
180.0,0,382.0,345.0,303.0,176.0,162.0,159.0,163.0,326,0.0
180.0,0,382.0,346.0,0,176.0,162.0,159.0,162.0,328,0.0
180.0,0,382.0,346.0,305.0,227.0,162.0,160.0,162.0,330,0.0
0,0,379.0,342.0,312.0,227.0,162.0,159.0,162.0,332,0.0
180.0,0,383.0,356.0,304.0,177.0,163.0,159.0,162.0,334,0.0
180.0,0,382.0,346.0,304.0,176.0,162.0,159.0,162.0,336,0.0
180.0,0,382.0,346.0,299.0,228.0,162.0,159.0,163.0,338,0.0
180.0,635.0,383.0,356.0,0,176.0,162.0,159.0,162.0,340,0.0
180.0,0,380.0,343.0,304.0,176.0,163.0,159.0,162.0,342,0.0
179.0,635.0,406.0,340.0,195.0,228.0,162.0,159.0,163.0,344,0.0
179.0,0,385.0,340.0,302.0,228.0,162.0,159.0,162.0,346,0.0
180.0,0,381.0,345.0,304.0,227.0,163.0,159.0,163.0,348,0.0
0,0,385.0,341.0,0,176.0,162.0,159.0,162.0,350,0.0
181.0,635.0,383.0,347.0,302.0,176.0,163.0,159.0,162.0,352,0.0
179.0,0,385.0,341.0,304.0,227.0,163.0,159.0,162.0,354,0.0
179.0,0,385.0,340.0,301.0,228.0,162.0,159.0,163.0,356,0.0
0,0,379.0,341.0,309.0,176.0,162.0,159.0,162.0,358,0.0
180.0,0,382.0,346.0,304.0,227.0,163.0,159.0,163.0,360,0.0
181.0,629.0,381.0,349.0,305.0,227.0,162.0,160.0,162.0,0,0.0
180.0,635.0,382.0,346.0,304.0,227.0,163.0,159.0,163.0,2,0.0
180.0,0,381.0,345.0,303.0,176.0,162.0,159.0,162.0,4,0.0
180.0,635.0,381.0,348.0,305.0,227.0,163.0,159.0,163.0,6,0.0
182.0,629.0,381.0,357.0,305.0,227.0,163.0,159.0,163.0,8,0.0
180.0,0,382.0,346.0,305.0,227.0,162.0,159.0,162.0,10,0.0
0,0,379.0,342.0,304.0,176.0,162.0,159.0,162.0,12,0.0
0,0,386.0,342.0,0,176.0,162.0,159.0,162.0,14,0.0
180.0,0,383.0,347.0,305.0,227.0,162.0,159.0,163.0,16,0.0
179.0,629.0,385.0,340.0,305.0,227.0,163.0,159.0,163.0,18,0.0
179.0,627.0,387.0,340.0,300.0,228.0,162.0,159.0,163.0,20,0.0
0,0,379.0,342.0,308.0,176.0,162.0,159.0,162.0,22,0.0
179.0,0,387.0,341.0,305.0,176.0,162.0,159.0,162.0,24,0.0
0,0,379.0,342.0,302.0,176.0,162.0,159.0,162.0,26,0.0
0,580.0,380.0,342.0,305.0,227.0,163.0,159.0,163.0,28,0.0
179.0,626.0,384.0,340.0,302.0,228.0,162.0,159.0,163.0,30,0.0
0,0,379.0,342.0,263.0,176.0,162.0,159.0,162.0,32,0.0
180.0,0,378.0,342.0,311.0,228.0,162.0,159.0,162.0,34,0.0
180.0,0,382.0,346.0,303.0,227.0,163.0,159.0,162.0,36,0.0
180.0,0,382.0,346.0,0,176.0,162.0,159.0,162.0,38,0.0
182.0,629.0,383.0,349.0,304.0,227.0,162.0,159.0,163.0,40,0.0
180.0,635.0,381.0,357.0,304.0,227.0,163.0,159.0,163.0,42,0.0
182.0,635.0,383.0,348.0,303.0,176.0,163.0,159.0,162.0,44,0.0
179.0,624.0,386.0,340.0,311.0,227.0,162.0,159.0,162.0,46,0.0
178.0,635.0,384.0,340.0,305.0,228.0,162.0,159.0,163.0,48,0.0
178.0,635.0,384.0,340.0,306.0,227.0,163.0,159.0,163.0,50,0.0
180.0,628.0,383.0,357.0,305.0,227.0,163.0,159.0,163.0,52,0.0
180.0,0,382.0,346.0,302.0,227.0,163.0,159.0,162.0,54,0.0
0,585.0,380.0,344.0,302.0,228.0,163.0,159.0,162.0,56,0.0
179.0,622.0,384.0,340.0,304.0,226.0,163.0,159.0,162.0,58,0.0
180.0,635.0,382.0,356.0,302.0,176.0,163.0,159.0,162.0,60,0.0
179.0,0,386.0,341.0,304.0,177.0,162.0,159.0,162.0,62,0.0
0,0,379.0,342.0,303.0,176.0,163.0,159.0,162.0,64,0.0
180.0,635.0,383.0,346.0,304.0,176.0,162.0,159.0,162.0,66,0.0
180.0,0,386.0,342.0,304.0,227.0,162.0,159.0,163.0,68,0.0
180.0,0,381.0,345.0,304.0,176.0,162.0,159.0,162.0,70,0.0
179.0,623.0,384.0,340.0,305.0,227.0,162.0,159.0,162.0,72,0.0
0,0,379.0,342.0,303.0,228.0,163.0,159.0,162.0,74,0.0
180.0,582.0,381.0,344.0,303.0,176.0,162.0,159.0,162.0,76,0.0
180.0,0,386.0,342.0,194.0,228.0,162.0,159.0,51.0,78,0.0
178.0,635.0,384.0,340.0,303.0,227.0,163.0,159.0,163.0,80,0.0
180.0,635.0,382.0,346.0,305.0,227.0,163.0,159.0,163.0,82,0.0
180.0,0,380.0,342.0,0,176.0,162.0,159.0,162.0,84,0.0
180.0,0,381.0,345.0,303.0,176.0,162.0,159.0,162.0,86,0.0
181.0,635.0,383.0,357.0,304.0,226.0,163.0,159.0,162.0,88,0.0
